"language","rank","channel_name","language_reactor_displayed_count","youtube_search_url","language_reactor_catalog_url"
"fr","1","innerFrench","275","https://www.youtube.com/results?search_query=innerFrench","https://www.languagereactor.com/c/fr/yt/t_yt_all_fr"
"fr","2","Français avec Pierre","675","https://www.youtube.com/results?search_query=Fran%C3%A7ais%20avec%20Pierre","https://www.languagereactor.com/c/fr/yt/t_yt_all_fr"
"fr","3","Français avec Nelly","114","https://www.youtube.com/results?search_query=Fran%C3%A7ais%20avec%20Nelly","https://www.languagereactor.com/c/fr/yt/t_yt_all_fr"
"fr","4","Le Corps La Maison L'esprit","505","https://www.youtube.com/results?search_query=Le%20Corps%20La%20Maison%20L'esprit","https://www.languagereactor.com/c/fr/yt/t_yt_all_fr"
"fr","5","ARTE","127","https://www.youtube.com/results?search_query=ARTE","https://www.languagereactor.com/c/fr/yt/t_yt_all_fr"
"fr","6","Français Authentique","715","https://www.youtube.com/results?search_query=Fran%C3%A7ais%20Authentique","https://www.languagereactor.com/c/fr/yt/t_yt_all_fr"
"fr","7","Le Monde","196","https://www.youtube.com/results?search_query=Le%20Monde","https://www.languagereactor.com/c/fr/yt/t_yt_all_fr"
"fr","8","Cyprien","177","https://www.youtube.com/results?search_query=Cyprien","https://www.languagereactor.com/c/fr/yt/t_yt_all_fr"
"fr","9","HugoDécrypte - Actus du jour","252","https://www.youtube.com/results?search_query=HugoD%C3%A9crypte%20-%20Actus%20du%20jour","https://www.languagereactor.com/c/fr/yt/t_yt_all_fr"
"fr","10","Norman","54","https://www.youtube.com/results?search_query=Norman","https://www.languagereactor.com/c/fr/yt/t_yt_all_fr"
"fr","11","French Comprehensible Input","229","https://www.youtube.com/results?search_query=French%20Comprehensible%20Input","https://www.languagereactor.com/c/fr/yt/t_yt_all_fr"
"fr","12","Nota Bene","733","https://www.youtube.com/results?search_query=Nota%20Bene","https://www.languagereactor.com/c/fr/yt/t_yt_all_fr"
"fr","13","Antoine Peytavin - Je récupère mon ex","571","https://www.youtube.com/results?search_query=Antoine%20Peytavin%20-%20Je%20r%C3%A9cup%C3%A8re%20mon%20ex","https://www.languagereactor.com/c/fr/yt/t_yt_all_fr"
"fr","14","Français avec Fluidité - Fabien","284","https://www.youtube.com/results?search_query=Fran%C3%A7ais%20avec%20Fluidit%C3%A9%20-%20Fabien","https://www.languagereactor.com/c/fr/yt/t_yt_all_fr"
"fr","15","FabienOlicard","771","https://www.youtube.com/results?search_query=FabienOlicard","https://www.languagereactor.com/c/fr/yt/t_yt_all_fr"
"fr","16","alice ayel","392","https://www.youtube.com/results?search_query=alice%20ayel","https://www.languagereactor.com/c/fr/yt/t_yt_all_fr"
"fr","17","SQUEEZIE","582","https://www.youtube.com/results?search_query=SQUEEZIE","https://www.languagereactor.com/c/fr/yt/t_yt_all_fr"
"fr","18","Axolot","59","https://www.youtube.com/results?search_query=Axolot","https://www.languagereactor.com/c/fr/yt/t_yt_all_fr"
"fr","19","Le Dessous des Cartes - ARTE","631","https://www.youtube.com/results?search_query=Le%20Dessous%20des%20Cartes%20-%20ARTE","https://www.languagereactor.com/c/fr/yt/t_yt_all_fr"
"fr","20","French School TV","387","https://www.youtube.com/results?search_query=French%20School%20TV","https://www.languagereactor.com/c/fr/yt/t_yt_all_fr"
"fr","21","Brut","93","https://www.youtube.com/results?search_query=Brut","https://www.languagereactor.com/c/fr/yt/t_yt_all_fr"
"fr","22","FRANCE 24","475","https://www.youtube.com/results?search_query=FRANCE%2024","https://www.languagereactor.com/c/fr/yt/t_yt_all_fr"
"fr","23","Peppa Pig Français - Chaîne Officielle","54","https://www.youtube.com/results?search_query=Peppa%20Pig%20Fran%C3%A7ais%20-%20Cha%C3%AEne%20Officielle","https://www.languagereactor.com/c/fr/yt/t_yt_all_fr"
"fr","24","HugoDécrypte - Grands formats","251","https://www.youtube.com/results?search_query=HugoD%C3%A9crypte%20-%20Grands%20formats","https://www.languagereactor.com/c/fr/yt/t_yt_all_fr"
"fr","25","Documentaire Société","595","https://www.youtube.com/results?search_query=Documentaire%20Soci%C3%A9t%C3%A9","https://www.languagereactor.com/c/fr/yt/t_yt_all_fr"
"fr","26","TéléCrayon","375","https://www.youtube.com/results?search_query=T%C3%A9l%C3%A9Crayon","https://www.languagereactor.com/c/fr/yt/t_yt_all_fr"
"fr","27","Lou! La Série [Officiel]","111","https://www.youtube.com/results?search_query=Lou!%20La%20S%C3%A9rie%20%5BOfficiel%5D","https://www.languagereactor.com/c/fr/yt/t_yt_all_fr"
"fr","28","Investigation","417","https://www.youtube.com/results?search_query=Investigation","https://www.languagereactor.com/c/fr/yt/t_yt_all_fr"
"fr","29","Sora","352","https://www.youtube.com/results?search_query=Sora","https://www.languagereactor.com/c/fr/yt/t_yt_all_fr"
"fr","30","slash","161","https://www.youtube.com/results?search_query=slash","https://www.languagereactor.com/c/fr/yt/t_yt_all_fr"
"fr","31","France Culture","211","https://www.youtube.com/results?search_query=France%20Culture","https://www.languagereactor.com/c/fr/yt/t_yt_all_fr"
"fr","32","Guillaume Posé - Professeur de français","241","https://www.youtube.com/results?search_query=Guillaume%20Pos%C3%A9%20-%20Professeur%20de%20fran%C3%A7ais","https://www.languagereactor.com/c/fr/yt/t_yt_all_fr"
"fr","33","Bruno Maltor","248","https://www.youtube.com/results?search_query=Bruno%20Maltor","https://www.languagereactor.com/c/fr/yt/t_yt_all_fr"
"fr","34","Disney FR","365","https://www.youtube.com/results?search_query=Disney%20FR","https://www.languagereactor.com/c/fr/yt/t_yt_all_fr"
"fr","35","Radio-Canada Info","331","https://www.youtube.com/results?search_query=Radio-Canada%20Info","https://www.languagereactor.com/c/fr/yt/t_yt_all_fr"
"fr","36","Tout Simplement – Kurzgesagt","64","https://www.youtube.com/results?search_query=Tout%20Simplement%20%E2%80%93%20Kurzgesagt","https://www.languagereactor.com/c/fr/yt/t_yt_all_fr"
"fr","37","imineo Documentaires","581","https://www.youtube.com/results?search_query=imineo%20Documentaires","https://www.languagereactor.com/c/fr/yt/t_yt_all_fr"
"fr","38","Solange te parle","113","https://www.youtube.com/results?search_query=Solange%20te%20parle","https://www.languagereactor.com/c/fr/yt/t_yt_all_fr"
"fr","39","Jamy - Epicurieux","409","https://www.youtube.com/results?search_query=Jamy%20-%20Epicurieux","https://www.languagereactor.com/c/fr/yt/t_yt_all_fr"
"fr","40","Cyrus North","233","https://www.youtube.com/results?search_query=Cyrus%20North","https://www.languagereactor.com/c/fr/yt/t_yt_all_fr"
"fr","41","COLAS BIM","20","https://www.youtube.com/results?search_query=COLAS%20BIM","https://www.languagereactor.com/c/fr/yt/t_yt_all_fr"
"fr","42","DirtyBiology","147","https://www.youtube.com/results?search_query=DirtyBiology","https://www.languagereactor.com/c/fr/yt/t_yt_all_fr"
"fr","43","Golden Moustache (M6)","168","https://www.youtube.com/results?search_query=Golden%20Moustache%20(M6)","https://www.languagereactor.com/c/fr/yt/t_yt_all_fr"
"fr","44","French Connection","51","https://www.youtube.com/results?search_query=French%20Connection","https://www.languagereactor.com/c/fr/yt/t_yt_all_fr"
"fr","45","Konbini","241","https://www.youtube.com/results?search_query=Konbini","https://www.languagereactor.com/c/fr/yt/t_yt_all_fr"
"fr","46","Montreux Comedy","400","https://www.youtube.com/results?search_query=Montreux%20Comedy","https://www.languagereactor.com/c/fr/yt/t_yt_all_fr"
"fr","47","Le French Club","306","https://www.youtube.com/results?search_query=Le%20French%20Club","https://www.languagereactor.com/c/fr/yt/t_yt_all_fr"
"fr","48","maprofdefrançais","226","https://www.youtube.com/results?search_query=maprofdefran%C3%A7ais","https://www.languagereactor.com/c/fr/yt/t_yt_all_fr"
"fr","49","C'est une autre histoire","169","https://www.youtube.com/results?search_query=C'est%20une%20autre%20histoire","https://www.languagereactor.com/c/fr/yt/t_yt_all_fr"
"fr","50","Parlez-vous FRENCH : Cours de français","217","https://www.youtube.com/results?search_query=Parlez-vous%20FRENCH%20%3A%20Cours%20de%20fran%C3%A7ais","https://www.languagereactor.com/c/fr/yt/t_yt_all_fr"
"en","1","TED","753","https://www.youtube.com/results?search_query=TED","https://www.languagereactor.com/c/en/yt/t_yt_all_en"
"en","2","TED-Ed","293","https://www.youtube.com/results?search_query=TED-Ed","https://www.languagereactor.com/c/en/yt/t_yt_all_en"
"en","3","Genius","423","https://www.youtube.com/results?search_query=Genius","https://www.languagereactor.com/c/en/yt/t_yt_all_en"
"en","4","Rachel's English","407","https://www.youtube.com/results?search_query=Rachel's%20English","https://www.languagereactor.com/c/en/yt/t_yt_all_en"
"en","5","Speak English With Vanessa","311","https://www.youtube.com/results?search_query=Speak%20English%20With%20Vanessa","https://www.languagereactor.com/c/en/yt/t_yt_all_en"
"en","6","National Geographic","328","https://www.youtube.com/results?search_query=National%20Geographic","https://www.languagereactor.com/c/en/yt/t_yt_all_en"
"en","7","The Real Daytime","807","https://www.youtube.com/results?search_query=The%20Real%20Daytime","https://www.languagereactor.com/c/en/yt/t_yt_all_en"
"en","8","BBC Learning English","111","https://www.youtube.com/results?search_query=BBC%20Learning%20English","https://www.languagereactor.com/c/en/yt/t_yt_all_en"
"en","9","English with Lucy","443","https://www.youtube.com/results?search_query=English%20with%20Lucy","https://www.languagereactor.com/c/en/yt/t_yt_all_en"
"en","10","MrBeast","41","https://www.youtube.com/results?search_query=MrBeast","https://www.languagereactor.com/c/en/yt/t_yt_all_en"
"en","11","The Tonight Show Starring Jimmy Fallon","231","https://www.youtube.com/results?search_query=The%20Tonight%20Show%20Starring%20Jimmy%20Fallon","https://www.languagereactor.com/c/en/yt/t_yt_all_en"
"en","12","Kurzgesagt – In a Nutshell","275","https://www.youtube.com/results?search_query=Kurzgesagt%20%E2%80%93%20In%20a%20Nutshell","https://www.languagereactor.com/c/en/yt/t_yt_all_en"
"en","13","BBC News","432","https://www.youtube.com/results?search_query=BBC%20News","https://www.languagereactor.com/c/en/yt/t_yt_all_en"
"en","14","Speak English With Tiffani","488","https://www.youtube.com/results?search_query=Speak%20English%20With%20Tiffani","https://www.languagereactor.com/c/en/yt/t_yt_all_en"
"en","15","Learn English With TV Series","301","https://www.youtube.com/results?search_query=Learn%20English%20With%20TV%20Series","https://www.languagereactor.com/c/en/yt/t_yt_all_en"
"en","16","Steve Kaufmann - lingosteve","727","https://www.youtube.com/results?search_query=Steve%20Kaufmann%20-%20lingosteve","https://www.languagereactor.com/c/en/yt/t_yt_all_en"
"en","17","Ruri Ohama","233","https://www.youtube.com/results?search_query=Ruri%20Ohama","https://www.languagereactor.com/c/en/yt/t_yt_all_en"
"en","18","Vox","626","https://www.youtube.com/results?search_query=Vox","https://www.languagereactor.com/c/en/yt/t_yt_all_en"
"en","19","TBS","425","https://www.youtube.com/results?search_query=TBS","https://www.languagereactor.com/c/en/yt/t_yt_all_en"
"en","20","linguamarina","479","https://www.youtube.com/results?search_query=linguamarina","https://www.languagereactor.com/c/en/yt/t_yt_all_en"
"en","21","Learn English with EnglishClass101.com","542","https://www.youtube.com/results?search_query=Learn%20English%20with%20EnglishClass101.com","https://www.languagereactor.com/c/en/yt/t_yt_all_en"
"en","22","CrashCourse","922","https://www.youtube.com/results?search_query=CrashCourse","https://www.languagereactor.com/c/en/yt/t_yt_all_en"
"en","23","Psych2Go","745","https://www.youtube.com/results?search_query=Psych2Go","https://www.languagereactor.com/c/en/yt/t_yt_all_en"
"en","24","Ali Abdaal","734","https://www.youtube.com/results?search_query=Ali%20Abdaal","https://www.languagereactor.com/c/en/yt/t_yt_all_en"
"en","25","Vogue","434","https://www.youtube.com/results?search_query=Vogue","https://www.languagereactor.com/c/en/yt/t_yt_all_en"
"en","26","Learn English with Bob the Canadian","683","https://www.youtube.com/results?search_query=Learn%20English%20with%20Bob%20the%20Canadian","https://www.languagereactor.com/c/en/yt/t_yt_all_en"
"en","27","vlogbrothers","773","https://www.youtube.com/results?search_query=vlogbrothers","https://www.languagereactor.com/c/en/yt/t_yt_all_en"
"en","28","The Infographics Show","856","https://www.youtube.com/results?search_query=The%20Infographics%20Show","https://www.languagereactor.com/c/en/yt/t_yt_all_en"
"en","29","mmmEnglish","306","https://www.youtube.com/results?search_query=mmmEnglish","https://www.languagereactor.com/c/en/yt/t_yt_all_en"
"en","30","Easy English","224","https://www.youtube.com/results?search_query=Easy%20English","https://www.languagereactor.com/c/en/yt/t_yt_all_en"
"en","31","English Fluency Journey","346","https://www.youtube.com/results?search_query=English%20Fluency%20Journey","https://www.languagereactor.com/c/en/yt/t_yt_all_en"
"en","32","The School of Life","878","https://www.youtube.com/results?search_query=The%20School%20of%20Life","https://www.languagereactor.com/c/en/yt/t_yt_all_en"
"en","33","DW Documentary","552","https://www.youtube.com/results?search_query=DW%20Documentary","https://www.languagereactor.com/c/en/yt/t_yt_all_en"
"en","34","HYBE LABELS","34","https://www.youtube.com/results?search_query=HYBE%20LABELS","https://www.languagereactor.com/c/en/yt/t_yt_all_en"
"en","35","freeCodeCamp.org","108","https://www.youtube.com/results?search_query=freeCodeCamp.org","https://www.languagereactor.com/c/en/yt/t_yt_all_en"
"en","36","Zoe.languages","132","https://www.youtube.com/results?search_query=Zoe.languages","https://www.languagereactor.com/c/en/yt/t_yt_all_en"
"en","37","CNBC","788","https://www.youtube.com/results?search_query=CNBC","https://www.languagereactor.com/c/en/yt/t_yt_all_en"
"en","38","Marques Brownlee","402","https://www.youtube.com/results?search_query=Marques%20Brownlee","https://www.languagereactor.com/c/en/yt/t_yt_all_en"
"en","39","Veronika's Language Diaries","171","https://www.youtube.com/results?search_query=Veronika's%20Language%20Diaries","https://www.languagereactor.com/c/en/yt/t_yt_all_en"
"en","40","TheEllenShow","471","https://www.youtube.com/results?search_query=TheEllenShow","https://www.languagereactor.com/c/en/yt/t_yt_all_en"
"en","41","Luke's English Podcast","161","https://www.youtube.com/results?search_query=Luke's%20English%20Podcast","https://www.languagereactor.com/c/en/yt/t_yt_all_en"
"en","42","Big Think","617","https://www.youtube.com/results?search_query=Big%20Think","https://www.languagereactor.com/c/en/yt/t_yt_all_en"
"en","43","RealLife English","384","https://www.youtube.com/results?search_query=RealLife%20English","https://www.languagereactor.com/c/en/yt/t_yt_all_en"
"en","44","Andrew Huberman","193","https://www.youtube.com/results?search_query=Andrew%20Huberman","https://www.languagereactor.com/c/en/yt/t_yt_all_en"
"en","45","English Speaking Success","501","https://www.youtube.com/results?search_query=English%20Speaking%20Success","https://www.languagereactor.com/c/en/yt/t_yt_all_en"
"en","46","truTV","808","https://www.youtube.com/results?search_query=truTV","https://www.languagereactor.com/c/en/yt/t_yt_all_en"
"en","47","Netflix","257","https://www.youtube.com/results?search_query=Netflix","https://www.languagereactor.com/c/en/yt/t_yt_all_en"
"en","48","To Fluency","331","https://www.youtube.com/results?search_query=To%20Fluency","https://www.languagereactor.com/c/en/yt/t_yt_all_en"
"en","49","Veritasium","245","https://www.youtube.com/results?search_query=Veritasium","https://www.languagereactor.com/c/en/yt/t_yt_all_en"
"en","50","The Wall Street Journal","590","https://www.youtube.com/results?search_query=The%20Wall%20Street%20Journal","https://www.languagereactor.com/c/en/yt/t_yt_all_en"
