note_id,user_id,deck_id,deck_path,note_type,front,back,example,note_fa,source_page,lingoda_status,fields_json,source_key,source,created_at,updated_at,references_json
bf09137c2ce84138bf109e4bdecf7ad5,108648163,659437789c994277ac55cf5c03384f85,"French::Language Reactor::Candidate à l’élection présidentielle, Delphine Batho appelle à une écologie capable de gouverner",vocab,aggraver,"Rendre plus grave, empirer. <i>Aggraver les causes d'un problème.</i>",d'aggraver les causes euh du problème. Il reste profondément euh euh sur une,,,,"{""back"":""Rendre plus grave, empirer. <i>Aggraver les causes d'un problème.</i>"",""front"":""aggraver"",""example"":""d'aggraver les causes euh du problème. Il reste profondément euh euh sur une"",""source_url"":""https://www.youtube.com/watch?v=ye52UrNeNLw"",""source_title"":""Candidate à l’élection présidentielle, Delphine Batho appelle à une écologie capable de gouverner"",""source_context"":""d'aggraver les causes euh du problème. Il reste profondément euh euh sur une""}",aggraver,language-reactor,2026-08-25T12:00:33.967936+00:00,2026-08-31T13:53:23.939433+00:00,"[{""kind"":""content"",""label"":""Candidate à l’élection présidentielle, Delphine Batho appelle à une écologie capable de gouverner"",""locator"":{""url"":""https://www.youtube.com/watch?v=ye52UrNeNLw""},""asset_id"":null,""content_id"":""d606c99c-780c-47bc-8baf-ac359e3fefca"",""created_at"":""2026-08-25T12:00:33.967936+00:00"",""segment_id"":null,""highlight_id"":null,""reference_id"":""9c2ddea3cff5401fb60d4a2fca47c1eb""}]"
7259dad700d74bf29329ed3c3d8cc9f7,108648163,659437789c994277ac55cf5c03384f85,"French::Language Reactor::Candidate à l’élection présidentielle, Delphine Batho appelle à une écologie capable de gouverner",vocab,profondément,"De manière intense, en profondeur. <i>La société a profondément changé.</i>",profondément changé. On n plus aujourd'hui à l'heure de la,,,,"{""back"":""De manière intense, en profondeur. <i>La société a profondément changé.</i>"",""front"":""profondément"",""example"":""profondément changé. On n plus aujourd'hui à l'heure de la"",""source_url"":""https://www.youtube.com/watch?v=ye52UrNeNLw"",""source_title"":""Candidate à l’élection présidentielle, Delphine Batho appelle à une écologie capable de gouverner"",""source_context"":""profondément changé. On n plus aujourd'hui à l'heure de la""}",profondement,language-reactor,2026-08-25T12:00:33.875074+00:00,2026-08-31T13:53:23.991386+00:00,"[{""kind"":""content"",""label"":""Candidate à l’élection présidentielle, Delphine Batho appelle à une écologie capable de gouverner"",""locator"":{""url"":""https://www.youtube.com/watch?v=ye52UrNeNLw""},""asset_id"":null,""content_id"":""d606c99c-780c-47bc-8baf-ac359e3fefca"",""created_at"":""2026-08-25T12:00:33.875074+00:00"",""segment_id"":null,""highlight_id"":null,""reference_id"":""8041207e8394477d99f2678dc7f7ba40""}]"
d641d4419add46b296916aa35e59be77,108648163,659437789c994277ac55cf5c03384f85,"French::Language Reactor::Candidate à l’élection présidentielle, Delphine Batho appelle à une écologie capable de gouverner",vocab,"rural, rurale",Qui concerne la campagne. <i>Contraire : urbain. Les territoires ruraux.</i>,"je suis beaucoup sur le terrain, en particulier dans les territoires ruraux.",,,,"{""back"":""Qui concerne la campagne. <i>Contraire : urbain. Les territoires ruraux.</i>"",""front"":""rural, rurale"",""example"":""je suis beaucoup sur le terrain, en particulier dans les territoires ruraux."",""source_url"":""https://www.youtube.com/watch?v=ye52UrNeNLw"",""source_title"":""Candidate à l’élection présidentielle, Delphine Batho appelle à une écologie capable de gouverner"",""source_context"":""je suis beaucoup sur le terrain, en particulier dans les territoires ruraux.""}","rural, rurale",language-reactor,2026-08-25T12:00:33.922847+00:00,2026-08-31T13:53:24.018381+00:00,"[{""kind"":""content"",""label"":""Candidate à l’élection présidentielle, Delphine Batho appelle à une écologie capable de gouverner"",""locator"":{""url"":""https://www.youtube.com/watch?v=ye52UrNeNLw""},""asset_id"":null,""content_id"":""d606c99c-780c-47bc-8baf-ac359e3fefca"",""created_at"":""2026-08-25T12:00:33.922847+00:00"",""segment_id"":null,""highlight_id"":null,""reference_id"":""d15784aaa6d24cd889a2299257774321""}]"
364571ee5bd34db2a58cb2530c4ab6d5,108648163,659437789c994277ac55cf5c03384f85,"French::Language Reactor::Candidate à l’élection présidentielle, Delphine Batho appelle à une écologie capable de gouverner",vocab,tomber d'accord (avec qqn),Finir par être du même avis. <i>Distinct de « tomber » = chuter.</i>,monde peut tomber d'accord avec vous sur la nécessité de faire attention à notre,,,,"{""back"":""Finir par être du même avis. <i>Distinct de « tomber » = chuter.</i>"",""front"":""tomber d'accord (avec qqn)"",""example"":""monde peut tomber d'accord avec vous sur la nécessité de faire attention à notre"",""source_url"":""https://www.youtube.com/watch?v=ye52UrNeNLw"",""source_title"":""Candidate à l’élection présidentielle, Delphine Batho appelle à une écologie capable de gouverner"",""source_context"":""monde peut tomber d'accord avec vous sur la nécessité de faire attention à notre""}",tomber d'accord (avec qqn),language-reactor,2026-08-25T12:00:33.853634+00:00,2026-08-31T13:53:24.06165+00:00,"[{""kind"":""content"",""label"":""Candidate à l’élection présidentielle, Delphine Batho appelle à une écologie capable de gouverner"",""locator"":{""url"":""https://www.youtube.com/watch?v=ye52UrNeNLw""},""asset_id"":null,""content_id"":""d606c99c-780c-47bc-8baf-ac359e3fefca"",""created_at"":""2026-08-25T12:00:33.853634+00:00"",""segment_id"":null,""highlight_id"":null,""reference_id"":""cb24bd42d5464c11bc2cae06dd00adbe""}]"
20670e65e60049e1ae275d2b8b8d09a7,108648163,659437789c994277ac55cf5c03384f85,"French::Language Reactor::Candidate à l’élection présidentielle, Delphine Batho appelle à une écologie capable de gouverner",vocab,un appui,Soutien apporté à qqn. <i>Venir en appui de qqn ; apporter son appui.</i>,d'agriculteurs qui se sont portés en appui des pompiers et qui ont apporté,,,,"{""back"":""Soutien apporté à qqn. <i>Venir en appui de qqn ; apporter son appui.</i>"",""front"":""un appui"",""example"":""d'agriculteurs qui se sont portés en appui des pompiers et qui ont apporté"",""source_url"":""https://www.youtube.com/watch?v=ye52UrNeNLw"",""source_title"":""Candidate à l’élection présidentielle, Delphine Batho appelle à une écologie capable de gouverner"",""source_context"":""d'agriculteurs qui se sont portés en appui des pompiers et qui ont apporté""}",un appui,language-reactor,2026-08-25T12:00:33.769411+00:00,2026-08-31T13:53:24.085798+00:00,"[{""kind"":""content"",""label"":""Candidate à l’élection présidentielle, Delphine Batho appelle à une écologie capable de gouverner"",""locator"":{""url"":""https://www.youtube.com/watch?v=ye52UrNeNLw""},""asset_id"":null,""content_id"":""d606c99c-780c-47bc-8baf-ac359e3fefca"",""created_at"":""2026-08-25T12:00:33.769411+00:00"",""segment_id"":null,""highlight_id"":null,""reference_id"":""37addd27cecd4e35be3077a5a9c7cafa""}]"
e4fc8cfd1e87425e8491c768e4f18e3f,108648163,659437789c994277ac55cf5c03384f85,"French::Language Reactor::Candidate à l’élection présidentielle, Delphine Batho appelle à une écologie capable de gouverner",vocab,un décalage,"Écart, différence entre deux choses qui devraient correspondre. <i>Un décalage entre le discours et la réalité.</i>",Il y a il y a un profond décalage euh entre une vie politique à Paris qui,,,,"{""back"":""Écart, différence entre deux choses qui devraient correspondre. <i>Un décalage entre le discours et la réalité.</i>"",""front"":""un décalage"",""example"":""Il y a il y a un profond décalage euh entre une vie politique à Paris qui"",""source_url"":""https://www.youtube.com/watch?v=ye52UrNeNLw"",""source_title"":""Candidate à l’élection présidentielle, Delphine Batho appelle à une écologie capable de gouverner"",""source_context"":""Il y a il y a un profond décalage euh entre une vie politique à Paris qui""}",un decalage,language-reactor,2026-08-25T12:00:33.902423+00:00,2026-08-31T13:53:24.116652+00:00,"[{""kind"":""content"",""label"":""Candidate à l’élection présidentielle, Delphine Batho appelle à une écologie capable de gouverner"",""locator"":{""url"":""https://www.youtube.com/watch?v=ye52UrNeNLw""},""asset_id"":null,""content_id"":""d606c99c-780c-47bc-8baf-ac359e3fefca"",""created_at"":""2026-08-25T12:00:33.902423+00:00"",""segment_id"":null,""highlight_id"":null,""reference_id"":""4ebf34a4adf84bdaa3180a93afaab007""}]"
40f9b1cee84f42ea84048eb4d12c90c2,108648163,659437789c994277ac55cf5c03384f85,"French::Language Reactor::Candidate à l’élection présidentielle, Delphine Batho appelle à une écologie capable de gouverner",vocab,un enjeu,Ce que l'on peut gagner ou perdre ; question importante en débat. <i>Un enjeu majeur.</i>,"va devenir un de nos enjeux majeurs ? Vous allez pas me dire le contraire,",,,,"{""back"":""Ce que l'on peut gagner ou perdre ; question importante en débat. <i>Un enjeu majeur.</i>"",""front"":""un enjeu"",""example"":""va devenir un de nos enjeux majeurs ? Vous allez pas me dire le contraire,"",""source_url"":""https://www.youtube.com/watch?v=ye52UrNeNLw"",""source_title"":""Candidate à l’élection présidentielle, Delphine Batho appelle à une écologie capable de gouverner"",""source_context"":""va devenir un de nos enjeux majeurs ? Vous allez pas me dire le contraire,""}",un enjeu,language-reactor,2026-08-25T12:00:34.003308+00:00,2026-08-31T13:53:24.13731+00:00,"[{""kind"":""content"",""label"":""Candidate à l’élection présidentielle, Delphine Batho appelle à une écologie capable de gouverner"",""locator"":{""url"":""https://www.youtube.com/watch?v=ye52UrNeNLw""},""asset_id"":null,""content_id"":""d606c99c-780c-47bc-8baf-ac359e3fefca"",""created_at"":""2026-08-25T12:00:34.003308+00:00"",""segment_id"":null,""highlight_id"":null,""reference_id"":""286ab16d4cc742959f183bc60b000956""}]"
ff7f87e4fe134325bb0c7dc59c50bd45,108648163,659437789c994277ac55cf5c03384f85,"French::Language Reactor::Candidate à l’élection présidentielle, Delphine Batho appelle à une écologie capable de gouverner",vocab,une décennie,Période de dix ans.,ce que disent les scientifiques depuis des décennies. La condition à mes yeux,,,,"{""back"":""Période de dix ans."",""front"":""une décennie"",""example"":""ce que disent les scientifiques depuis des décennies. La condition à mes yeux"",""source_url"":""https://www.youtube.com/watch?v=ye52UrNeNLw"",""source_title"":""Candidate à l’élection présidentielle, Delphine Batho appelle à une écologie capable de gouverner"",""source_context"":""ce que disent les scientifiques depuis des décennies. La condition à mes yeux""}",une decennie,language-reactor,2026-08-25T12:00:33.951821+00:00,2026-08-31T13:53:24.153384+00:00,"[{""kind"":""content"",""label"":""Candidate à l’élection présidentielle, Delphine Batho appelle à une écologie capable de gouverner"",""locator"":{""url"":""https://www.youtube.com/watch?v=ye52UrNeNLw""},""asset_id"":null,""content_id"":""d606c99c-780c-47bc-8baf-ac359e3fefca"",""created_at"":""2026-08-25T12:00:33.951821+00:00"",""segment_id"":null,""highlight_id"":null,""reference_id"":""0630eb8e7e244a9d9434023899c21e7a""}]"
52f39c2e46b6445cb00eac96bf108666,108648163,659437789c994277ac55cf5c03384f85,"French::Language Reactor::Candidate à l’élection présidentielle, Delphine Batho appelle à une écologie capable de gouverner",vocab,une perte,Fait de perdre qqch. <i>La perte de la biodiversité.</i>,"l'effondrement, la perte de la biodiversité, c'est devenu un enjeu de",,,,"{""back"":""Fait de perdre qqch. <i>La perte de la biodiversité.</i>"",""front"":""une perte"",""example"":""l'effondrement, la perte de la biodiversité, c'est devenu un enjeu de"",""source_url"":""https://www.youtube.com/watch?v=ye52UrNeNLw"",""source_title"":""Candidate à l’élection présidentielle, Delphine Batho appelle à une écologie capable de gouverner"",""source_context"":""l'effondrement, la perte de la biodiversité, c'est devenu un enjeu de""}",une perte,language-reactor,2026-08-25T12:00:33.980726+00:00,2026-08-31T13:53:24.174307+00:00,"[{""kind"":""content"",""label"":""Candidate à l’élection présidentielle, Delphine Batho appelle à une écologie capable de gouverner"",""locator"":{""url"":""https://www.youtube.com/watch?v=ye52UrNeNLw""},""asset_id"":null,""content_id"":""d606c99c-780c-47bc-8baf-ac359e3fefca"",""created_at"":""2026-08-25T12:00:33.980726+00:00"",""segment_id"":null,""highlight_id"":null,""reference_id"":""7bb5073169084c98a00630b6f1c074ed""}]"
fc3023766be44b4d91b27bcff9e4fbf6,108648163,301f0938b491455a90fa8b83a31a606a,French::Language Reactor::Rima Hassan est poursuivie pour son engagement contre le génocide à Gaza,vocab,avoir envie de,"Désirer, souhaiter. <i>« J'ai envie de dire » sert surtout, à l'oral, à atténuer ce qui suit.</i>","conscription écologique, j'ai envie de dire, qui existe déjà puisque les",,,,"{""back"":""Désirer, souhaiter. <i>« J'ai envie de dire » sert surtout, à l'oral, à atténuer ce qui suit.</i>"",""front"":""avoir envie de"",""example"":""conscription écologique, j'ai envie de dire, qui existe déjà puisque les"",""source_url"":""https://www.youtube.com/watch?v=hjMLn8XcRIA"",""source_title"":""Rima Hassan est poursuivie pour son engagement contre le génocide à Gaza"",""source_context"":""conscription écologique, j'ai envie de dire, qui existe déjà puisque les""}",avoir envie de,language-reactor,2026-08-25T12:00:34.157406+00:00,2026-08-31T13:53:24.202809+00:00,"[{""kind"":""content"",""label"":""Rima Hassan est poursuivie pour son engagement contre le génocide à Gaza"",""locator"":{""url"":""https://www.youtube.com/watch?v=hjMLn8XcRIA""},""asset_id"":null,""content_id"":""97385ae9-b0bb-4b7c-b2a1-d4c39269246f"",""created_at"":""2026-08-25T12:00:34.157406+00:00"",""segment_id"":null,""highlight_id"":null,""reference_id"":""244c973413504a3b965deeebbca8a40a""}]"
db2368f967f441e6b4690f20f6a7cc55,108648163,301f0938b491455a90fa8b83a31a606a,French::Language Reactor::Rima Hassan est poursuivie pour son engagement contre le génocide à Gaza,vocab,baisser,"Diminuer, devenir ou rendre moins élevé. <i>Les salaires ont baissé.</i>",salaire des enseignants a baissé. Donc le temps de campagne et le temps de des,,,,"{""back"":""Diminuer, devenir ou rendre moins élevé. <i>Les salaires ont baissé.</i>"",""front"":""baisser"",""example"":""salaire des enseignants a baissé. Donc le temps de campagne et le temps de des"",""source_url"":""https://www.youtube.com/watch?v=hjMLn8XcRIA"",""source_title"":""Rima Hassan est poursuivie pour son engagement contre le génocide à Gaza"",""source_context"":""salaire des enseignants a baissé. Donc le temps de campagne et le temps de des""}",baisser,language-reactor,2026-08-25T12:00:34.064019+00:00,2026-08-31T13:53:24.231707+00:00,"[{""kind"":""content"",""label"":""Rima Hassan est poursuivie pour son engagement contre le génocide à Gaza"",""locator"":{""url"":""https://www.youtube.com/watch?v=hjMLn8XcRIA""},""asset_id"":null,""content_id"":""97385ae9-b0bb-4b7c-b2a1-d4c39269246f"",""created_at"":""2026-08-25T12:00:34.064019+00:00"",""segment_id"":null,""highlight_id"":null,""reference_id"":""ed75c3a881384e289408d67f9191b7ee""}]"
7829aa7d753b4872bbfbc551eeb76248,108648163,301f0938b491455a90fa8b83a31a606a,French::Language Reactor::Rima Hassan est poursuivie pour son engagement contre le génocide à Gaza,vocab,banaliser,Rendre ordinaire ; faire paraître normal ce qui devrait choquer.,"discours qui banalisent la violence d'une certaine façon ? D'abord, le fait",,,,"{""back"":""Rendre ordinaire ; faire paraître normal ce qui devrait choquer."",""front"":""banaliser"",""example"":""discours qui banalisent la violence d'une certaine façon ? D'abord, le fait"",""source_url"":""https://www.youtube.com/watch?v=hjMLn8XcRIA"",""source_title"":""Rima Hassan est poursuivie pour son engagement contre le génocide à Gaza"",""source_context"":""discours qui banalisent la violence d'une certaine façon ? D'abord, le fait""}",banaliser,language-reactor,2026-08-25T12:00:34.108509+00:00,2026-08-31T13:53:24.246436+00:00,"[{""kind"":""content"",""label"":""Rima Hassan est poursuivie pour son engagement contre le génocide à Gaza"",""locator"":{""url"":""https://www.youtube.com/watch?v=hjMLn8XcRIA""},""asset_id"":null,""content_id"":""97385ae9-b0bb-4b7c-b2a1-d4c39269246f"",""created_at"":""2026-08-25T12:00:34.108509+00:00"",""segment_id"":null,""highlight_id"":null,""reference_id"":""2c4667f5221e4cd897eaedb3e64d545a""}]"
cd1b945c5ea24b2aa82a7a508fdebce8,108648163,301f0938b491455a90fa8b83a31a606a,French::Language Reactor::Rima Hassan est poursuivie pour son engagement contre le génocide à Gaza,vocab,"exportateur, exportatrice",Qui vend des produits à l'étranger. <i>La France est exportatrice nette d'électricité.</i>,"énergie stable alors que la France reste exportatrice hein, nette d'électricité.",,,,"{""back"":""Qui vend des produits à l'étranger. <i>La France est exportatrice nette d'électricité.</i>"",""front"":""exportateur, exportatrice"",""example"":""énergie stable alors que la France reste exportatrice hein, nette d'électricité."",""source_url"":""https://www.youtube.com/watch?v=hjMLn8XcRIA"",""source_title"":""Rima Hassan est poursuivie pour son engagement contre le génocide à Gaza"",""source_context"":""énergie stable alors que la France reste exportatrice hein, nette d'électricité.""}","exportateur, exportatrice",language-reactor,2026-08-25T12:00:34.208045+00:00,2026-08-31T13:53:24.264127+00:00,"[{""kind"":""content"",""label"":""Rima Hassan est poursuivie pour son engagement contre le génocide à Gaza"",""locator"":{""url"":""https://www.youtube.com/watch?v=hjMLn8XcRIA""},""asset_id"":null,""content_id"":""97385ae9-b0bb-4b7c-b2a1-d4c39269246f"",""created_at"":""2026-08-25T12:00:34.208045+00:00"",""segment_id"":null,""highlight_id"":null,""reference_id"":""46cf9d338c4a4a02ab50de9013d8beb0""}]"
db22a890b69a401ba11bc715280b733b,108648163,301f0938b491455a90fa8b83a31a606a,French::Language Reactor::Rima Hassan est poursuivie pour son engagement contre le génocide à Gaza,vocab,inadmissible,Que l'on ne peut pas accepter ; intolérable.,retranscrite en direct à la télé ? Ça c'est inadmissible. C'est dénoncé,,,,"{""back"":""Que l'on ne peut pas accepter ; intolérable."",""front"":""inadmissible"",""example"":""retranscrite en direct à la télé ? Ça c'est inadmissible. C'est dénoncé"",""source_url"":""https://www.youtube.com/watch?v=hjMLn8XcRIA"",""source_title"":""Rima Hassan est poursuivie pour son engagement contre le génocide à Gaza"",""source_context"":""retranscrite en direct à la télé ? Ça c'est inadmissible. C'est dénoncé""}",inadmissible,language-reactor,2026-08-25T12:00:34.079859+00:00,2026-08-31T13:53:24.305634+00:00,"[{""kind"":""content"",""label"":""Rima Hassan est poursuivie pour son engagement contre le génocide à Gaza"",""locator"":{""url"":""https://www.youtube.com/watch?v=hjMLn8XcRIA""},""asset_id"":null,""content_id"":""97385ae9-b0bb-4b7c-b2a1-d4c39269246f"",""created_at"":""2026-08-25T12:00:34.079859+00:00"",""segment_id"":null,""highlight_id"":null,""reference_id"":""1dbf2fd2e954471087773f2f83bc8e71""}]"
afbc36334cc548f492d8441aed5db74b,108648163,301f0938b491455a90fa8b83a31a606a,French::Language Reactor::Rima Hassan est poursuivie pour son engagement contre le génocide à Gaza,vocab,indigne (de),Qui n'est pas digne de ; qui déshonore. <i>C'est indigne d'un candidat.</i>,c'est indigne je crois d'un candidat de la République qui se dit du camp,,,,"{""back"":""Qui n'est pas digne de ; qui déshonore. <i>C'est indigne d'un candidat.</i>"",""front"":""indigne (de)"",""example"":""c'est indigne je crois d'un candidat de la République qui se dit du camp"",""source_url"":""https://www.youtube.com/watch?v=hjMLn8XcRIA"",""source_title"":""Rima Hassan est poursuivie pour son engagement contre le génocide à Gaza"",""source_context"":""c'est indigne je crois d'un candidat de la République qui se dit du camp""}",indigne (de),language-reactor,2026-08-25T12:00:34.378822+00:00,2026-08-31T13:53:24.334016+00:00,"[{""kind"":""content"",""label"":""Rima Hassan est poursuivie pour son engagement contre le génocide à Gaza"",""locator"":{""url"":""https://www.youtube.com/watch?v=hjMLn8XcRIA""},""asset_id"":null,""content_id"":""97385ae9-b0bb-4b7c-b2a1-d4c39269246f"",""created_at"":""2026-08-25T12:00:34.378822+00:00"",""segment_id"":null,""highlight_id"":null,""reference_id"":""e0c8bc363a494ed994b566660847152f""}]"
6e1df8e4e58741d98db132890c3eba33,108648163,301f0938b491455a90fa8b83a31a606a,French::Language Reactor::Rima Hassan est poursuivie pour son engagement contre le génocide à Gaza,vocab,la conscription,Enrôlement obligatoire des citoyens dans l'armée. <i>Ici employé par analogie : « la conscription écologique ».</i>,"ont été balayés dès le premier tour. La conscription écologique, on en a",,,,"{""back"":""Enrôlement obligatoire des citoyens dans l'armée. <i>Ici employé par analogie : « la conscription écologique ».</i>"",""front"":""la conscription"",""example"":""ont été balayés dès le premier tour. La conscription écologique, on en a"",""source_url"":""https://www.youtube.com/watch?v=hjMLn8XcRIA"",""source_title"":""Rima Hassan est poursuivie pour son engagement contre le génocide à Gaza"",""source_context"":""ont été balayés dès le premier tour. La conscription écologique, on en a""}",la conscription,language-reactor,2026-08-25T12:00:34.24529+00:00,2026-08-31T13:53:24.351152+00:00,"[{""kind"":""content"",""label"":""Rima Hassan est poursuivie pour son engagement contre le génocide à Gaza"",""locator"":{""url"":""https://www.youtube.com/watch?v=hjMLn8XcRIA""},""asset_id"":null,""content_id"":""97385ae9-b0bb-4b7c-b2a1-d4c39269246f"",""created_at"":""2026-08-25T12:00:34.24529+00:00"",""segment_id"":null,""highlight_id"":null,""reference_id"":""4e3784c152df4ef4a72a9c44c6dd4351""}]"
cedb540a5169492caa7c62e1be0b0396,108648163,301f0938b491455a90fa8b83a31a606a,French::Language Reactor::Rima Hassan est poursuivie pour son engagement contre le génocide à Gaza,vocab,la défaite,"Fait de perdre une élection, une bataille. <i>Contraire : la victoire.</i>",pas digéré la défaite et que la machine à remonter le temps n'existe pas,,,,"{""back"":""Fait de perdre une élection, une bataille. <i>Contraire : la victoire.</i>"",""front"":""la défaite"",""example"":""pas digéré la défaite et que la machine à remonter le temps n'existe pas"",""source_url"":""https://www.youtube.com/watch?v=hjMLn8XcRIA"",""source_title"":""Rima Hassan est poursuivie pour son engagement contre le génocide à Gaza"",""source_context"":""pas digéré la défaite et que la machine à remonter le temps n'existe pas""}",la defaite,language-reactor,2026-08-25T12:00:34.317733+00:00,2026-08-31T13:53:24.385761+00:00,"[{""kind"":""content"",""label"":""Rima Hassan est poursuivie pour son engagement contre le génocide à Gaza"",""locator"":{""url"":""https://www.youtube.com/watch?v=hjMLn8XcRIA""},""asset_id"":null,""content_id"":""97385ae9-b0bb-4b7c-b2a1-d4c39269246f"",""created_at"":""2026-08-25T12:00:34.317733+00:00"",""segment_id"":null,""highlight_id"":null,""reference_id"":""781267dab3f949d78ce5367a245e8a2d""}]"
e2f83de8a69b4a13b60f9914f40a67a7,108648163,301f0938b491455a90fa8b83a31a606a,French::Language Reactor::Rima Hassan est poursuivie pour son engagement contre le génocide à Gaza,vocab,le dessous des cartes,"Ce qui se passe réellement, caché derrière les apparences.",permanente contre la France soumise. Ça c'est le dessous des cartes. Mais le,,,,"{""back"":""Ce qui se passe réellement, caché derrière les apparences."",""front"":""le dessous des cartes"",""example"":""permanente contre la France soumise. Ça c'est le dessous des cartes. Mais le"",""source_url"":""https://www.youtube.com/watch?v=hjMLn8XcRIA"",""source_title"":""Rima Hassan est poursuivie pour son engagement contre le génocide à Gaza"",""source_context"":""permanente contre la France soumise. Ça c'est le dessous des cartes. Mais le""}",le dessous des cartes,language-reactor,2026-08-25T12:00:34.270952+00:00,2026-08-31T13:53:24.419014+00:00,"[{""kind"":""content"",""label"":""Rima Hassan est poursuivie pour son engagement contre le génocide à Gaza"",""locator"":{""url"":""https://www.youtube.com/watch?v=hjMLn8XcRIA""},""asset_id"":null,""content_id"":""97385ae9-b0bb-4b7c-b2a1-d4c39269246f"",""created_at"":""2026-08-25T12:00:34.270952+00:00"",""segment_id"":null,""highlight_id"":null,""reference_id"":""64857c8b0d064e22878c6715cd4e0c00""}]"
57b64b18213f4da997c9acbf6e2da2d9,108648163,301f0938b491455a90fa8b83a31a606a,French::Language Reactor::Rima Hassan est poursuivie pour son engagement contre le génocide à Gaza,vocab,le péril,Danger grave. <i>Au péril de sa vie</i> = en risquant sa vie.,"de l'été, qui parfois au péril de leur vie ont été en première ligne pour",,,,"{""back"":""Danger grave. <i>Au péril de sa vie</i> = en risquant sa vie."",""front"":""le péril"",""example"":""de l'été, qui parfois au péril de leur vie ont été en première ligne pour"",""source_url"":""https://www.youtube.com/watch?v=hjMLn8XcRIA"",""source_title"":""Rima Hassan est poursuivie pour son engagement contre le génocide à Gaza"",""source_context"":""de l'été, qui parfois au péril de leur vie ont été en première ligne pour""}",le peril,language-reactor,2026-08-25T12:00:34.13354+00:00,2026-08-31T13:53:24.436923+00:00,"[{""kind"":""content"",""label"":""Rima Hassan est poursuivie pour son engagement contre le génocide à Gaza"",""locator"":{""url"":""https://www.youtube.com/watch?v=hjMLn8XcRIA""},""asset_id"":null,""content_id"":""97385ae9-b0bb-4b7c-b2a1-d4c39269246f"",""created_at"":""2026-08-25T12:00:34.13354+00:00"",""segment_id"":null,""highlight_id"":null,""reference_id"":""fee73497598c4688bbafca982d91b58a""}]"
18d40b1568634baea8082880183b4e96,108648163,301f0938b491455a90fa8b83a31a606a,French::Language Reactor::Rima Hassan est poursuivie pour son engagement contre le génocide à Gaza,vocab,promettre,S'engager à faire qqch ; assurer que qqch aura lieu. <i>Promettre qqch à qqn.</i>,"Donc Édouard Philippe peut promettre ce qu'il veut. Il a un bilan, celui du",,,,"{""back"":""S'engager à faire qqch ; assurer que qqch aura lieu. <i>Promettre qqch à qqn.</i>"",""front"":""promettre"",""example"":""Donc Édouard Philippe peut promettre ce qu'il veut. Il a un bilan, celui du"",""source_url"":""https://www.youtube.com/watch?v=hjMLn8XcRIA"",""source_title"":""Rima Hassan est poursuivie pour son engagement contre le génocide à Gaza"",""source_context"":""Donc Édouard Philippe peut promettre ce qu'il veut. Il a un bilan, celui du""}",promettre,language-reactor,2026-08-25T12:00:34.04711+00:00,2026-08-31T13:53:24.457313+00:00,"[{""kind"":""content"",""label"":""Rima Hassan est poursuivie pour son engagement contre le génocide à Gaza"",""locator"":{""url"":""https://www.youtube.com/watch?v=hjMLn8XcRIA""},""asset_id"":null,""content_id"":""97385ae9-b0bb-4b7c-b2a1-d4c39269246f"",""created_at"":""2026-08-25T12:00:34.04711+00:00"",""segment_id"":null,""highlight_id"":null,""reference_id"":""6745082dc25a4a07a0ba773d330efa4c""}]"
b388b40902974bd3933b8c0178f3d09a,108648163,301f0938b491455a90fa8b83a31a606a,French::Language Reactor::Rima Hassan est poursuivie pour son engagement contre le génocide à Gaza,vocab,renvoyer,"Ici, sens juridique : reporter une audience à une date ultérieure. <i>Signifie aussi congédier qqn, ou lui retourner qqch.</i>","que cette audience soit renvoyée, c'est une victoire euh euh pour Rimaastan et",,,,"{""back"":""Ici, sens juridique : reporter une audience à une date ultérieure. <i>Signifie aussi congédier qqn, ou lui retourner qqch.</i>"",""front"":""renvoyer"",""example"":""que cette audience soit renvoyée, c'est une victoire euh euh pour Rimaastan et"",""source_url"":""https://www.youtube.com/watch?v=hjMLn8XcRIA"",""source_title"":""Rima Hassan est poursuivie pour son engagement contre le génocide à Gaza"",""source_context"":""que cette audience soit renvoyée, c'est une victoire euh euh pour Rimaastan et""}",renvoyer,language-reactor,2026-08-25T12:00:34.090696+00:00,2026-08-31T13:53:24.493318+00:00,"[{""kind"":""content"",""label"":""Rima Hassan est poursuivie pour son engagement contre le génocide à Gaza"",""locator"":{""url"":""https://www.youtube.com/watch?v=hjMLn8XcRIA""},""asset_id"":null,""content_id"":""97385ae9-b0bb-4b7c-b2a1-d4c39269246f"",""created_at"":""2026-08-25T12:00:34.090696+00:00"",""segment_id"":null,""highlight_id"":null,""reference_id"":""d202c1b4eb7a4cb18bd5fa9c779293b2""}]"
a03ad714724c49e380675ba86daca62f,108648163,301f0938b491455a90fa8b83a31a606a,French::Language Reactor::Rima Hassan est poursuivie pour son engagement contre le génocide à Gaza,vocab,subir,"Supporter qqch que l'on n'a pas choisi. <i>Subir une attaque, subir des critiques.</i>","est accusé, il est accusé, il a subi depuis qu'il a été élèire et tout cela",,,,"{""back"":""Supporter qqch que l'on n'a pas choisi. <i>Subir une attaque, subir des critiques.</i>"",""front"":""subir"",""example"":""est accusé, il est accusé, il a subi depuis qu'il a été élèire et tout cela"",""source_url"":""https://www.youtube.com/watch?v=hjMLn8XcRIA"",""source_title"":""Rima Hassan est poursuivie pour son engagement contre le génocide à Gaza"",""source_context"":""est accusé, il est accusé, il a subi depuis qu'il a été élèire et tout cela""}",subir,language-reactor,2026-08-25T12:00:34.296876+00:00,2026-08-31T13:53:24.523755+00:00,"[{""kind"":""content"",""label"":""Rima Hassan est poursuivie pour son engagement contre le génocide à Gaza"",""locator"":{""url"":""https://www.youtube.com/watch?v=hjMLn8XcRIA""},""asset_id"":null,""content_id"":""97385ae9-b0bb-4b7c-b2a1-d4c39269246f"",""created_at"":""2026-08-25T12:00:34.296876+00:00"",""segment_id"":null,""highlight_id"":null,""reference_id"":""cd12672dc3b44ee1b78112fab658c8a1""}]"
b29b60e384904c939815fe6957fb250f,108648163,301f0938b491455a90fa8b83a31a606a,French::Language Reactor::Rima Hassan est poursuivie pour son engagement contre le génocide à Gaza,vocab,un bassin,"Ici : zone géographique formant un ensemble. <i>Un bassin de population, un bassin d'emploi.</i>",pèse sur des bassins entiers de population. Mais Jean-Luc Mélenchon ne,,,,"{""back"":""Ici : zone géographique formant un ensemble. <i>Un bassin de population, un bassin d'emploi.</i>"",""front"":""un bassin"",""example"":""pèse sur des bassins entiers de population. Mais Jean-Luc Mélenchon ne"",""source_url"":""https://www.youtube.com/watch?v=hjMLn8XcRIA"",""source_title"":""Rima Hassan est poursuivie pour son engagement contre le génocide à Gaza"",""source_context"":""pèse sur des bassins entiers de population. Mais Jean-Luc Mélenchon ne""}",un bassin,language-reactor,2026-08-25T12:00:34.186542+00:00,2026-08-31T13:53:24.588835+00:00,"[{""kind"":""content"",""label"":""Rima Hassan est poursuivie pour son engagement contre le génocide à Gaza"",""locator"":{""url"":""https://www.youtube.com/watch?v=hjMLn8XcRIA""},""asset_id"":null,""content_id"":""97385ae9-b0bb-4b7c-b2a1-d4c39269246f"",""created_at"":""2026-08-25T12:00:34.186542+00:00"",""segment_id"":null,""highlight_id"":null,""reference_id"":""35c3a7f46a1546a9aeeffc3ee199b6f4""}]"
5e890003aac248689cc7214c8bd6351e,108648163,301f0938b491455a90fa8b83a31a606a,French::Language Reactor::Rima Hassan est poursuivie pour son engagement contre le génocide à Gaza,vocab,un bilan,"Résultat chiffré ou évaluation d'une action, d'une période, d'un mandat. <i>Tirer un bilan ; le bilan d'un gouvernement.</i>","Donc Édouard Philippe peut promettre ce qu'il veut. Il a un bilan, celui du",,,,"{""back"":""Résultat chiffré ou évaluation d'une action, d'une période, d'un mandat. <i>Tirer un bilan ; le bilan d'un gouvernement.</i>"",""front"":""un bilan"",""example"":""Donc Édouard Philippe peut promettre ce qu'il veut. Il a un bilan, celui du"",""source_url"":""https://www.youtube.com/watch?v=hjMLn8XcRIA"",""source_title"":""Rima Hassan est poursuivie pour son engagement contre le génocide à Gaza"",""source_context"":""Donc Édouard Philippe peut promettre ce qu'il veut. Il a un bilan, celui du""}",un bilan,language-reactor,2026-08-25T12:00:34.031033+00:00,2026-08-31T13:53:24.65027+00:00,"[{""kind"":""content"",""label"":""Rima Hassan est poursuivie pour son engagement contre le génocide à Gaza"",""locator"":{""url"":""https://www.youtube.com/watch?v=hjMLn8XcRIA""},""asset_id"":null,""content_id"":""97385ae9-b0bb-4b7c-b2a1-d4c39269246f"",""created_at"":""2026-08-25T12:00:34.031033+00:00"",""segment_id"":null,""highlight_id"":null,""reference_id"":""907d5a76708e40e3b47d9ae0d65ee64c""}]"
df7edab81016433c93f0d0adfa252a6a,108648163,301f0938b491455a90fa8b83a31a606a,French::Language Reactor::Rima Hassan est poursuivie pour son engagement contre le génocide à Gaza,vocab,une enquête,"Recherche méthodique de faits — judiciaire, policière ou journalistique.",enquête du parquet national financier et sa réaction sur les réseaux sociaux.,,,,"{""back"":""Recherche méthodique de faits — judiciaire, policière ou journalistique."",""front"":""une enquête"",""example"":""enquête du parquet national financier et sa réaction sur les réseaux sociaux."",""source_url"":""https://www.youtube.com/watch?v=hjMLn8XcRIA"",""source_title"":""Rima Hassan est poursuivie pour son engagement contre le génocide à Gaza"",""source_context"":""enquête du parquet national financier et sa réaction sur les réseaux sociaux.""}",une enquete,language-reactor,2026-08-25T12:00:34.366974+00:00,2026-08-31T13:53:24.67475+00:00,"[{""kind"":""content"",""label"":""Rima Hassan est poursuivie pour son engagement contre le génocide à Gaza"",""locator"":{""url"":""https://www.youtube.com/watch?v=hjMLn8XcRIA""},""asset_id"":null,""content_id"":""97385ae9-b0bb-4b7c-b2a1-d4c39269246f"",""created_at"":""2026-08-25T12:00:34.366974+00:00"",""segment_id"":null,""highlight_id"":null,""reference_id"":""9fe4821123a1467bbf117fd27fd77461""}]"
fe59c868745c4cebaacfcf398b1e42b8,108648163,301f0938b491455a90fa8b83a31a606a,French::Language Reactor::Rima Hassan est poursuivie pour son engagement contre le génocide à Gaza,vocab,une plainte,"Démarche par laquelle on signale une infraction à la justice. <i>Porter plainte, déposer une plainte.</i>",d'élu. Une enquête a été ouverte par des plaintes après des plaintes de la de,,,,"{""back"":""Démarche par laquelle on signale une infraction à la justice. <i>Porter plainte, déposer une plainte.</i>"",""front"":""une plainte"",""example"":""d'élu. Une enquête a été ouverte par des plaintes après des plaintes de la de"",""source_url"":""https://www.youtube.com/watch?v=hjMLn8XcRIA"",""source_title"":""Rima Hassan est poursuivie pour son engagement contre le génocide à Gaza"",""source_context"":""d'élu. Une enquête a été ouverte par des plaintes après des plaintes de la de""}",une plainte,language-reactor,2026-08-25T12:00:34.341286+00:00,2026-08-31T13:53:24.728454+00:00,"[{""kind"":""content"",""label"":""Rima Hassan est poursuivie pour son engagement contre le génocide à Gaza"",""locator"":{""url"":""https://www.youtube.com/watch?v=hjMLn8XcRIA""},""asset_id"":null,""content_id"":""97385ae9-b0bb-4b7c-b2a1-d4c39269246f"",""created_at"":""2026-08-25T12:00:34.341286+00:00"",""segment_id"":null,""highlight_id"":null,""reference_id"":""92dcf72bdad04bf6a03ac02b943e3e9d""}]"
0682dbd2f06141a397d86b0e1a19aac1,108648163,bd25f0af3cf6482b8ef6a8be70db3eb2,French::Lingoda,vocab,autant que possible,as much as possible,,,,Known,"{""back"":""as much as possible"",""front"":""autant que possible"",""lingoda_status"":""Known""}",autant que possible,lingoda,2026-08-24T20:27:19.55197+00:00,2026-08-31T13:53:24.750976+00:00,[]
3598ed5ae1aa4d58b5384acb18de2bdc,108648163,bd25f0af3cf6482b8ef6a8be70db3eb2,French::Lingoda,vocab,avoir des idées tranchées,to have strong opinions,,,,New,"{""back"":""to have strong opinions"",""front"":""avoir des idées tranchées"",""lingoda_status"":""New""}",avoir des idees tranchees,lingoda,2026-08-24T20:27:19.912231+00:00,2026-08-31T13:53:24.768965+00:00,[]
f4521ba33e8f4bedaeb30decab9b68d2,108648163,bd25f0af3cf6482b8ef6a8be70db3eb2,French::Lingoda,vocab,convaincre,to convince,,,,New,"{""back"":""to convince"",""front"":""convaincre"",""lingoda_status"":""New""}",convaincre,lingoda,2026-08-24T20:27:19.603586+00:00,2026-08-31T13:53:24.810374+00:00,[]
6c6ddb7c4ab24fb3880690ebd7c1b077,108648163,bd25f0af3cf6482b8ef6a8be70db3eb2,French::Lingoda,vocab,"entêté, entêtée",stubborn,,,,New,"{""back"":""stubborn"",""front"":""entêté, entêtée"",""lingoda_status"":""New""}","entete, entetee",lingoda,2026-08-24T20:27:19.92987+00:00,2026-08-31T13:53:24.820842+00:00,[]
c1a6d4626fe54ee4bbc7950ff288859e,108648163,bd25f0af3cf6482b8ef6a8be70db3eb2,French::Lingoda,vocab,éviter,to avoid,,,,Known,"{""back"":""to avoid"",""front"":""éviter"",""lingoda_status"":""Known""}",eviter,lingoda,2026-08-24T20:27:19.621331+00:00,2026-08-31T13:53:24.833122+00:00,[]
a99321a8a48747a197c202de34db6155,108648163,bd25f0af3cf6482b8ef6a8be70db3eb2,French::Lingoda,vocab,l'activisme,activism,,,,New,"{""back"":""activism"",""front"":""l'activisme"",""lingoda_status"":""New""}",l'activisme,lingoda,2026-08-24T20:27:19.648495+00:00,2026-08-31T13:53:24.856343+00:00,[]
ff23de40c82b4f8da1b1f03c28645307,108648163,bd25f0af3cf6482b8ef6a8be70db3eb2,French::Lingoda,vocab,l'anecdote,anecdote,,,,Known,"{""back"":""anecdote"",""front"":""l'anecdote"",""lingoda_status"":""Known""}",l'anecdote,lingoda,2026-08-24T20:27:19.662466+00:00,2026-08-31T13:53:24.879154+00:00,[]
54be4fd720514896a9da0ede0809f2c8,108648163,bd25f0af3cf6482b8ef6a8be70db3eb2,French::Lingoda,vocab,l'assurance,confidence,,,,New,"{""back"":""confidence"",""front"":""l'assurance"",""lingoda_status"":""New""}",l'assurance,lingoda,2026-08-24T20:27:19.686724+00:00,2026-08-31T13:53:24.892228+00:00,[]
50f3e3d36f194224be04bac1a1958430,108648163,bd25f0af3cf6482b8ef6a8be70db3eb2,French::Lingoda,vocab,l'avis,opinion,,,,New,"{""back"":""opinion"",""front"":""l'avis"",""lingoda_status"":""New""}",l'avis,lingoda,2026-08-24T20:27:19.94808+00:00,2026-08-31T13:53:24.916911+00:00,[]
2d2a68c7ac9146538383fac6d7253562,108648163,bd25f0af3cf6482b8ef6a8be70db3eb2,French::Lingoda,vocab,l'équilibre,balance,,,,New,"{""back"":""balance"",""front"":""l'équilibre"",""lingoda_status"":""New""}",l'equilibre,lingoda,2026-08-24T20:27:19.722684+00:00,2026-08-31T13:53:24.932826+00:00,[]
4d3d5d4ceaa24406bb48ae812f6deab0,108648163,bd25f0af3cf6482b8ef6a8be70db3eb2,French::Lingoda,vocab,l'idéologie,ideology,,,,New,"{""back"":""ideology"",""front"":""l'idéologie"",""lingoda_status"":""New""}",l'ideologie,lingoda,2026-08-24T20:27:19.966564+00:00,2026-08-31T13:53:24.946958+00:00,[]
9bff79bd9771468e875882284d720970,108648163,bd25f0af3cf6482b8ef6a8be70db3eb2,French::Lingoda,vocab,"l'influenceur, l'influenceuse",influencer,,,,Known,"{""back"":""influencer"",""front"":""l'influenceur, l'influenceuse"",""lingoda_status"":""Known""}","l'influenceur, l'influenceuse",lingoda,2026-08-24T20:27:20.121765+00:00,2026-08-31T13:53:24.962316+00:00,[]
ff811a7d838d45c68fe89168d1cad628,108648163,bd25f0af3cf6482b8ef6a8be70db3eb2,French::Lingoda,vocab,l'intelligence artificielle,artificial intelligence,,,,Known,"{""back"":""artificial intelligence"",""front"":""l'intelligence artificielle"",""lingoda_status"":""Known""}",l'intelligence artificielle,lingoda,2026-08-24T20:27:19.737827+00:00,2026-08-31T13:53:24.973476+00:00,[]
4a9dc6f0da01464a93ca05c7a2859283,108648163,bd25f0af3cf6482b8ef6a8be70db3eb2,French::Lingoda,vocab,l'internaute,internet user,,,,Known,"{""back"":""internet user"",""front"":""l'internaute"",""lingoda_status"":""Known""}",l'internaute,lingoda,2026-08-24T20:27:20.137004+00:00,2026-08-31T13:53:24.98692+00:00,[]
0f0b1498c27e4418bb1c9bd7342e0cb0,108648163,bd25f0af3cf6482b8ef6a8be70db3eb2,French::Lingoda,vocab,l'organisation politique,political organisation,,,,Known,"{""back"":""political organisation"",""front"":""l'organisation politique"",""lingoda_status"":""Known""}",l'organisation politique,lingoda,2026-08-24T20:27:19.756006+00:00,2026-08-31T13:53:24.998764+00:00,[]
5f1a9b3f721b4df58049ef6183ede643,108648163,bd25f0af3cf6482b8ef6a8be70db3eb2,French::Lingoda,vocab,l'urbanisme,urban planning,,,,Known,"{""back"":""urban planning"",""front"":""l'urbanisme"",""lingoda_status"":""Known""}",l'urbanisme,lingoda,2026-08-24T20:27:19.771763+00:00,2026-08-31T13:53:25.026624+00:00,[]
522e606fe40a4659b3512560c58ba78f,108648163,bd25f0af3cf6482b8ef6a8be70db3eb2,French::Lingoda,vocab,la croyance,belief,,,,New,"{""back"":""belief"",""front"":""la croyance"",""lingoda_status"":""New""}",la croyance,lingoda,2026-08-24T20:27:19.988422+00:00,2026-08-31T13:53:25.060888+00:00,[]
6207baf9e45949dcbaa6be0cd8d5c437,108648163,bd25f0af3cf6482b8ef6a8be70db3eb2,French::Lingoda,vocab,la découverte scientifique,scientific discovery,,,,New,"{""back"":""scientific discovery"",""front"":""la découverte scientifique"",""lingoda_status"":""New""}",la decouverte scientifique,lingoda,2026-08-24T20:27:19.781069+00:00,2026-08-31T13:53:25.082249+00:00,[]
cf8efcfd66d3490287f5d08b162f571f,108648163,bd25f0af3cf6482b8ef6a8be70db3eb2,French::Lingoda,vocab,la perspective,perspective,,,,New,"{""back"":""perspective"",""front"":""la perspective"",""lingoda_status"":""New""}",la perspective,lingoda,2026-08-24T20:27:20.000321+00:00,2026-08-31T13:53:25.106996+00:00,[]
9e7994825fce4b9bbe51c27762269af5,108648163,bd25f0af3cf6482b8ef6a8be70db3eb2,French::Lingoda,vocab,la polémique,controversy,,,,New,"{""back"":""controversy"",""front"":""la polémique"",""lingoda_status"":""New""}",la polemique,lingoda,2026-08-24T20:27:20.017836+00:00,2026-08-31T13:53:25.119909+00:00,[]
6b09ef4505be455cb02f9cb4a864c7da,108648163,bd25f0af3cf6482b8ef6a8be70db3eb2,French::Lingoda,vocab,la tolérance,tolerance,,,,New,"{""back"":""tolerance"",""front"":""la tolérance"",""lingoda_status"":""New""}",la tolerance,lingoda,2026-08-24T20:27:20.0374+00:00,2026-08-31T13:53:25.140189+00:00,[]
704f1c1e5066465a867f0264dc52bde9,108648163,bd25f0af3cf6482b8ef6a8be70db3eb2,French::Lingoda,vocab,la vidéoconférence,video conference,,,,Known,"{""back"":""video conference"",""front"":""la vidéoconférence"",""lingoda_status"":""Known""}",la videoconference,lingoda,2026-08-24T20:27:20.150607+00:00,2026-08-31T13:53:25.150082+00:00,[]
b6b72c06276e4e17bc0c9fcf3d2fde7c,108648163,bd25f0af3cf6482b8ef6a8be70db3eb2,French::Lingoda,vocab,"le blogueur, la blogueuse",blogger,,,,Known,"{""back"":""blogger"",""front"":""le blogueur, la blogueuse"",""lingoda_status"":""Known""}","le blogueur, la blogueuse",lingoda,2026-08-24T20:27:20.174215+00:00,2026-08-31T13:53:25.164395+00:00,[]
b7d137ba7a73437387efbfe8a9c814b1,108648163,bd25f0af3cf6482b8ef6a8be70db3eb2,French::Lingoda,vocab,le cyberharcèlement,cyberbullying,,,,New,"{""back"":""cyberbullying"",""front"":""le cyberharcèlement"",""lingoda_status"":""New""}",le cyberharcelement,lingoda,2026-08-24T20:27:20.19319+00:00,2026-08-31T13:53:25.178322+00:00,[]
ad831aac184e46d1a5a1f1b45fe3341e,108648163,bd25f0af3cf6482b8ef6a8be70db3eb2,French::Lingoda,vocab,le défi,challenge,,,,New,"{""back"":""challenge"",""front"":""le défi"",""lingoda_status"":""New""}",le defi,lingoda,2026-08-24T20:27:19.794374+00:00,2026-08-31T13:53:25.207511+00:00,[]
6c6621f763e547c3ab111e17d902e278,108648163,bd25f0af3cf6482b8ef6a8be70db3eb2,French::Lingoda,vocab,le podcast,podcast,,,,Known,"{""back"":""podcast"",""front"":""le podcast"",""lingoda_status"":""Known""}",le podcast,lingoda,2026-08-24T20:27:20.210394+00:00,2026-08-31T13:53:25.23112+00:00,[]
ee8f369fb0b442fc80aa1adcd06a4814,108648163,bd25f0af3cf6482b8ef6a8be70db3eb2,French::Lingoda,vocab,le réseau social,social network,,,,Known,"{""back"":""social network"",""front"":""le réseau social"",""lingoda_status"":""Known""}",le reseau social,lingoda,2026-08-24T20:27:19.817508+00:00,2026-08-31T13:53:25.242976+00:00,[]
e13c1feded0347c4a0ed3b724cf0d30a,108648163,bd25f0af3cf6482b8ef6a8be70db3eb2,French::Lingoda,vocab,le résultat,result,,,,New,"{""back"":""result"",""front"":""le résultat"",""lingoda_status"":""New""}",le resultat,lingoda,2026-08-24T20:27:19.838416+00:00,2026-08-31T13:53:25.278425+00:00,[]
2652b5bb7d9c45719998ed609a17582d,108648163,bd25f0af3cf6482b8ef6a8be70db3eb2,French::Lingoda,vocab,le tutoriel,tutorial,,,,New,"{""back"":""tutorial"",""front"":""le tutoriel"",""lingoda_status"":""New""}",le tutoriel,lingoda,2026-08-24T20:27:20.223857+00:00,2026-08-31T13:53:25.309435+00:00,[]
fcab9c79a4e343bc854d69e1a19bd62f,108648163,bd25f0af3cf6482b8ef6a8be70db3eb2,French::Lingoda,vocab,le vivre ensemble,living together,,,,New,"{""back"":""living together"",""front"":""le vivre ensemble"",""lingoda_status"":""New""}",le vivre ensemble,lingoda,2026-08-24T20:27:20.051644+00:00,2026-08-31T13:53:25.334165+00:00,[]
3c2102a2ef504e26891e558e36c98332,108648163,bd25f0af3cf6482b8ef6a8be70db3eb2,French::Lingoda,vocab,maîtriser,to master,,,,Known,"{""back"":""to master"",""front"":""maîtriser"",""lingoda_status"":""Known""}",maitriser,lingoda,2026-08-24T20:27:19.853469+00:00,2026-08-31T13:53:25.348827+00:00,[]
f791aa31e9684bef8451a407f029f40f,108648163,bd25f0af3cf6482b8ef6a8be70db3eb2,French::Lingoda,vocab,mémoriser,to memorise,,,,New,"{""back"":""to memorise"",""front"":""mémoriser"",""lingoda_status"":""New""}",memoriser,lingoda,2026-08-24T20:27:19.870741+00:00,2026-08-31T13:53:25.368913+00:00,[]
75fb1ddec9f348fc931e191b67e72322,108648163,bd25f0af3cf6482b8ef6a8be70db3eb2,French::Lingoda,vocab,"ouvert, ouverte",open-minded,,,,New,"{""back"":""open-minded"",""front"":""ouvert, ouverte"",""lingoda_status"":""New""}","ouvert, ouverte",lingoda,2026-08-24T20:27:20.064152+00:00,2026-08-31T13:53:25.383365+00:00,[]
6371e3a62c7d43149332c35bcaaaa4da,108648163,bd25f0af3cf6482b8ef6a8be70db3eb2,French::Lingoda,vocab,pacifique,peaceful,,,,New,"{""back"":""peaceful"",""front"":""pacifique"",""lingoda_status"":""New""}",pacifique,lingoda,2026-08-24T20:27:20.081382+00:00,2026-08-31T13:53:25.396319+00:00,[]
acda721a8f124fde96fdde33e4eceabc,108648163,bd25f0af3cf6482b8ef6a8be70db3eb2,French::Lingoda,vocab,"radical, radicale",radical,,,,New,"{""back"":""radical"",""front"":""radical, radicale"",""lingoda_status"":""New""}","radical, radicale",lingoda,2026-08-24T20:27:20.09584+00:00,2026-08-31T13:53:25.41113+00:00,[]
204b20326ac443978f75962886c6560d,108648163,bd25f0af3cf6482b8ef6a8be70db3eb2,French::Lingoda,vocab,résoudre,to solve,,,,Known,"{""back"":""to solve"",""front"":""résoudre"",""lingoda_status"":""Known""}",resoudre,lingoda,2026-08-24T20:27:19.882654+00:00,2026-08-31T13:53:25.426455+00:00,[]
8d10b81b55c74cb5a925152903c389fb,108648163,bd25f0af3cf6482b8ef6a8be70db3eb2,French::Lingoda,vocab,s'exprimer,to express oneself,,,,Known,"{""back"":""to express oneself"",""front"":""s'exprimer"",""lingoda_status"":""Known""}",s'exprimer,lingoda,2026-08-24T20:27:19.897603+00:00,2026-08-31T13:53:25.450135+00:00,[]
2a0f40dbb5fd44759c1b9dcb31f3ff14,108648163,bd25f0af3cf6482b8ef6a8be70db3eb2,French::Lingoda,vocab,surfer sur le net,to surf the net,,,,New,"{""back"":""to surf the net"",""front"":""surfer sur le net"",""lingoda_status"":""New""}",surfer sur le net,lingoda,2026-08-24T20:27:20.237209+00:00,2026-08-31T13:53:25.464119+00:00,[]
0e022505a2994c3cb9b74af698737c64,108648163,c7daccf838fe4ba6b4a5783d744c814b,French::Édito B1::Grammaire,grammar,**avant de** + infinitif,*Avant* + **nom** ; *avant de* + **infinitif**.,avant le repas · avant **de** partir,,,,"{""back"":""*Avant* + **nom** ; *avant de* + **infinitif**."",""front"":""**avant de** + infinitif"",""example"":""avant le repas · avant **de** partir"",""source_context"":""avant le repas · avant **de** partir"",""source_collection"":""Édito B1""}",**avant de** + infinitif,vocab.md,2026-08-24T15:44:29.816213+00:00,2026-08-31T13:53:25.478265+00:00,[]
55a82987e6e04dbb8a2cf813fbadbbb7,108648163,c7daccf838fe4ba6b4a5783d744c814b,French::Édito B1::Grammaire,grammar,**des → de** devant un adjectif,"Au pluriel, quand l'adjectif est placé **avant** le nom, *des* devient *de*.",de jolies fleurs · de nouveaux films · de nouvelles séries *(mais : des films nouveaux — adjectif après le nom)*,,,,"{""back"":""Au pluriel, quand l'adjectif est placé **avant** le nom, *des* devient *de*."",""front"":""**des → de** devant un adjectif"",""example"":""de jolies fleurs · de nouveaux films · de nouvelles séries *(mais : des films nouveaux — adjectif après le nom)*"",""source_context"":""de jolies fleurs · de nouveaux films · de nouvelles séries *(mais : des films nouveaux — adjectif après le nom)*"",""source_collection"":""Édito B1""}",**des → de** devant un adjectif,vocab.md,2026-08-24T15:44:29.794435+00:00,2026-08-31T13:53:25.507727+00:00,[]
7955d50f86da4d90b37c9c2525a7eb10,108648163,c7daccf838fe4ba6b4a5783d744c814b,French::Édito B1::Grammaire,grammar,**dont**,Pronom relatif qui remplace un complément introduit par **de**. Le verbe ou l'adjectif de la relative se construit toujours avec *de*.,c'est le plat **dont** j'ai envie *(avoir envie **de**)* · c'est la personne **dont** je vous ai déjà parlé *(parler **de**)* · c'est la situation **dont** je suis satisfait *(être satisfait **de**)* · c'est le stylo **dont** j'ai besoin *(avoir besoin **de**)* — cf. « de ce stylo-là »,,,,"{""back"":""Pronom relatif qui remplace un complément introduit par **de**. Le verbe ou l'adjectif de la relative se construit toujours avec *de*."",""front"":""**dont**"",""example"":""c'est le plat **dont** j'ai envie *(avoir envie **de**)* · c'est la personne **dont** je vous ai déjà parlé *(parler **de**)* · c'est la situation **dont** je suis satisfait *(être satisfait **de**)* · c'est le stylo **dont** j'ai besoin *(avoir besoin **de**)* — cf. « de ce stylo-là »"",""source_context"":""c'est le plat **dont** j'ai envie *(avoir envie **de**)* · c'est la personne **dont** je vous ai déjà parlé *(parler **de**)* · c'est la situation **dont** je suis satisfait *(être satisfait **de**)* · c'est le stylo **dont** j'ai besoin *(avoir besoin **de**)* — cf. « de ce stylo-là »"",""source_collection"":""Édito B1""}",**dont**,vocab.md,2026-08-24T15:44:29.780058+00:00,2026-08-31T13:53:25.543567+00:00,[]
4b2c5bc3037e4f7494230947df7e0cd5,108648163,058ce6c9637f47f6933a1f332e6de7e0,French::Édito B1::Livre,vocab,à l’époque où,À la période où ; pendant le temps où.,"À l’époque où je vivais à Paris, je prenais le métro chaque jour.",,26,,"{""back"":""À la période où ; pendant le temps où."",""front"":""à l’époque où"",""example"":""À l’époque où je vivais à Paris, je prenais le métro chaque jour."",""source_page"":""26"",""original_front"":""l'époque où"",""source_collection"":""Édito B1""}",a l’epoque ou,vocab.md,2026-08-24T15:44:29.271955+00:00,2026-08-31T14:21:10.855455+00:00,[]
fb97b09582de40f3be811e4800fc23d1,108648163,058ce6c9637f47f6933a1f332e6de7e0,French::Édito B1::Livre,vocab,à quelle vitesse,À quel rythme ; avec quelle rapidité.,À quelle vitesse roule ce train ?,,26,,"{""back"":""À quel rythme ; avec quelle rapidité."",""front"":""à quelle vitesse"",""example"":""À quelle vitesse roule ce train ?"",""source_page"":""26"",""original_front"":""À quelle vitesse"",""source_collection"":""Édito B1""}",a quelle vitesse,vocab.md,2026-08-24T15:44:29.055463+00:00,2026-08-31T14:21:10.326168+00:00,[]
7e05189007a8403d9c077fbf806752bf,108648163,058ce6c9637f47f6933a1f332e6de7e0,French::Édito B1::Livre,vocab,au maximum,Pas plus de ; tout au plus.,Vous pouvez prendre au maximum deux comprimés par jour.,,26,,"{""back"":""Pas plus de ; tout au plus."",""front"":""au maximum"",""example"":""Vous pouvez prendre au maximum deux comprimés par jour."",""source_page"":""26"",""original_front"":""maximum une par jour"",""source_collection"":""Édito B1""}",au maximum,vocab.md,2026-08-24T15:44:29.228251+00:00,2026-08-31T14:21:10.439955+00:00,[]
1f2dae6814c34177997a09365d1fcea1,108648163,058ce6c9637f47f6933a1f332e6de7e0,French::Édito B1::Livre,vocab,auprès (de),"Près de, à côté de ; sert aussi à indiquer l'interlocuteur d'une démarche (*se renseigner auprès de*).",,,26,,"{""back"":""Près de, à côté de ; sert aussi à indiquer l'interlocuteur d'une démarche (*se renseigner auprès de*)."",""front"":""auprès (de)"",""source_page"":""26"",""source_collection"":""Édito B1""}",aupres (de),vocab.md,2026-08-24T15:44:29.158672+00:00,2026-08-31T13:53:25.584683+00:00,[]
75ce819fdf8c4601b25c8624e36a7714,108648163,058ce6c9637f47f6933a1f332e6de7e0,French::Édito B1::Livre,vocab,avertir quelqu’un de quelque chose,Informer quelqu’un d’un fait ou d’un problème à venir.,Je dois l’avertir de mon retard.,,26,,"{""back"":""Informer quelqu’un d’un fait ou d’un problème à venir."",""front"":""avertir quelqu’un de quelque chose"",""example"":""Je dois l’avertir de mon retard."",""source_page"":""26"",""original_front"":""avertir d'un retard"",""source_context"":""Elle a envoyé un message pour avertir d'un retard."",""source_collection"":""Édito B1""}",avertir quelqu’un de quelque chose,vocab.md,2026-08-24T15:44:29.37035+00:00,2026-08-31T14:21:10.727728+00:00,[]
1a8757c7db264566b6a26e05dfda9cea,108648163,058ce6c9637f47f6933a1f332e6de7e0,French::Édito B1::Livre,vocab,avoir hâte de,Être impatient de faire quelque chose.,J’ai hâte de commencer mes vacances.,,26,,"{""back"":""Être impatient de faire quelque chose."",""front"":""avoir hâte de"",""example"":""J’ai hâte de commencer mes vacances."",""source_page"":""26"",""original_front"":""la hâte"",""source_collection"":""Édito B1""}",avoir hate de,vocab.md,2026-08-24T15:44:29.382604+00:00,2026-08-31T14:21:10.489494+00:00,[]
e78bd97b4baa4885ab89768611bab1e6,108648163,058ce6c9637f47f6933a1f332e6de7e0,French::Édito B1::Livre,vocab,céder,"Laisser à autrui sa place, son tour, ou ce que l'on possède.",Cédez votre place aux personnes âgées.,,26,,"{""back"":""Laisser à autrui sa place, son tour, ou ce que l'on possède."",""front"":""céder"",""example"":""Cédez votre place aux personnes âgées."",""source_page"":""26"",""source_context"":""Cédez votre place aux personnes âgées."",""source_collection"":""Édito B1""}",ceder,vocab.md,2026-08-24T15:44:29.045207+00:00,2026-08-31T13:53:25.638399+00:00,[]
620e7e459cd54858b9db419f029d433d,108648163,058ce6c9637f47f6933a1f332e6de7e0,French::Édito B1::Livre,vocab,citoyen / citoyenne,Personne qui appartient à une nation et bénéficie de droits et assume des devoirs civiques.,Chaque citoyen peut participer à la vie démocratique.,,28,,"{""back"":""Personne qui appartient à une nation et bénéficie de droits et assume des devoirs civiques."",""front"":""citoyen / citoyenne"",""example"":""Chaque citoyen peut participer à la vie démocratique."",""source_page"":""28"",""original_front"":""citoyennes dès l'enfance"",""source_collection"":""Édito B1""}",citoyen / citoyenne,vocab.md,2026-08-24T15:44:29.504006+00:00,2026-08-31T14:21:10.349371+00:00,[]
a0b704dbf35c4dd78a22250d89dd8650,108648163,058ce6c9637f47f6933a1f332e6de7e0,French::Édito B1::Livre,vocab,coupable,Qui a commis une faute ; responsable d'un acte répréhensible.,,گناهکار,26,,"{""back"":""Qui a commis une faute ; responsable d'un acte répréhensible."",""front"":""coupable"",""note_fa"":""گناهکار"",""source_page"":""26"",""source_collection"":""Édito B1""}",coupable,vocab.md,2026-08-24T15:44:29.35225+00:00,2026-08-31T13:53:25.702282+00:00,[]
ca2c60ea5ce64173a812673bf2e6fc39,108648163,058ce6c9637f47f6933a1f332e6de7e0,French::Édito B1::Livre,vocab,débattre,Discuter d'une question en échangeant des arguments.,,,16,,"{""back"":""Discuter d'une question en échangeant des arguments."",""front"":""débattre"",""source_page"":""16"",""source_collection"":""Édito B1""}",debattre,vocab.md,2026-08-24T15:44:28.855362+00:00,2026-08-31T13:53:25.767229+00:00,[]
a7d6b90b4b524137a83d839c9bac73e0,108648163,058ce6c9637f47f6933a1f332e6de7e0,French::Édito B1::Livre,vocab,divulgâcher,Révéler le dénouement d'une œuvre et en gâcher la découverte. *Mot-valise : divulguer + gâcher ; équivalent français de « spoiler ».*,,,26,,"{""back"":""Révéler le dénouement d'une œuvre et en gâcher la découverte. *Mot-valise : divulguer + gâcher ; équivalent français de « spoiler ».*"",""front"":""divulgâcher"",""source_page"":""26"",""source_collection"":""Édito B1""}",divulgacher,vocab.md,2026-08-24T15:44:29.259451+00:00,2026-08-31T13:53:25.783504+00:00,[]
c8dc1f8835bd4be9949cb82e744c5d98,108648163,058ce6c9637f47f6933a1f332e6de7e0,French::Édito B1::Livre,vocab,en même temps,"Simultanément, dans le même moment.",,,26,,"{""back"":""Simultanément, dans le même moment."",""front"":""en même temps"",""source_page"":""26"",""source_collection"":""Édito B1""}",en meme temps,vocab.md,2026-08-24T15:44:29.287103+00:00,2026-08-31T13:53:25.79539+00:00,[]
af5f09a42c2d4a19878d4001f6ce5527,108648163,058ce6c9637f47f6933a1f332e6de7e0,French::Édito B1::Livre,vocab,être / suivre : je suis,« Je suis » est la première personne du singulier au présent de être et de suivre.,Je suis fatigué. / Je suis le guide.,,15,,"{""back"":""« Je suis » est la première personne du singulier au présent de être et de suivre."",""front"":""être / suivre : je suis"",""example"":""Je suis fatigué. / Je suis le guide."",""source_page"":""15"",""original_front"":""suis"",""source_collection"":""Édito B1""}",etre / suivre : je suis,vocab.md,2026-08-24T15:44:28.679471+00:00,2026-08-31T14:21:10.685206+00:00,[]
84e25d40f51a44f38e53e93291c4f62c,108648163,058ce6c9637f47f6933a1f332e6de7e0,French::Édito B1::Livre,vocab,exprimer,Faire connaître sa pensée ou ses sentiments par le langage.,,,26,,"{""back"":""Faire connaître sa pensée ou ses sentiments par le langage."",""front"":""exprimer"",""source_page"":""26"",""source_collection"":""Édito B1""}",exprimer,vocab.md,2026-08-24T15:44:29.311555+00:00,2026-08-31T13:53:25.867643+00:00,[]
714f22b16ce04f5bbb2f7f21953a7e43,108648163,058ce6c9637f47f6933a1f332e6de7e0,French::Édito B1::Livre,vocab,gâcher,"Abîmer qqch, lui faire perdre sa valeur ou son agrément.",,,26,,"{""back"":""Abîmer qqch, lui faire perdre sa valeur ou son agrément."",""front"":""gâcher"",""source_page"":""26"",""source_collection"":""Édito B1""}",gacher,vocab.md,2026-08-24T15:44:29.435689+00:00,2026-08-31T13:53:25.901045+00:00,[]
04c23770d1f746cdbc7f0de344bb79a7,108648163,058ce6c9637f47f6933a1f332e6de7e0,French::Édito B1::Livre,vocab,gêner,Mettre quelqu’un mal à l’aise ou causer un désagrément.,Ça me gêne de parler devant tout le monde.,,27,,"{""back"":""Mettre quelqu’un mal à l’aise ou causer un désagrément."",""front"":""gêner"",""example"":""Ça me gêne de parler devant tout le monde."",""source_page"":""27"",""original_front"":""Ça me gêne."",""source_collection"":""Édito B1""}",gener,vocab.md,2026-08-24T15:44:29.475906+00:00,2026-08-31T14:21:10.376161+00:00,[]
e43cf789c314497891fa4c2a36fd4332,108648163,058ce6c9637f47f6933a1f332e6de7e0,French::Édito B1::Livre,vocab,hyper fan,"Très grand admirateur de qqn. *« Hyper- » : préfixe d'intensité, familier.*",Je suis hyper fan de cette série.,,15,,"{""back"":""Très grand admirateur de qqn. *« Hyper- » : préfixe d'intensité, familier.*"",""front"":""hyper fan"",""example"":""Je suis hyper fan de cette série."",""source_page"":""15"",""source_context"":""Je suis hyper fan de cette série."",""source_collection"":""Édito B1""}",hyper fan,vocab.md,2026-08-24T15:44:28.57831+00:00,2026-08-31T13:53:25.955704+00:00,[]
de112e0512c1476fb5e4fec983ff2ce4,108648163,058ce6c9637f47f6933a1f332e6de7e0,French::Édito B1::Livre,vocab,inonder,"Couvrir d'eau ; au figuré, submerger par une trop grande quantité.",N'inondez pas vos amis de photos de vacances.,,26,,"{""back"":""Couvrir d'eau ; au figuré, submerger par une trop grande quantité."",""front"":""inonder"",""example"":""N'inondez pas vos amis de photos de vacances."",""source_page"":""26"",""source_context"":""N'inondez pas vos amis de photos de vacances."",""source_collection"":""Édito B1""}",inonder,vocab.md,2026-08-24T15:44:29.174935+00:00,2026-08-31T13:53:26.032374+00:00,[]
9e9953b4b3b04561b2d1980188df53b4,108648163,058ce6c9637f47f6933a1f332e6de7e0,French::Édito B1::Livre,vocab,jaloux / jalouse,Qui éprouve de la jalousie ou craint de perdre l’affection de quelqu’un.,Il est jaloux de son frère. Elle est jalouse de sa sœur.,,16,,"{""back"":""Qui éprouve de la jalousie ou craint de perdre l’affection de quelqu’un."",""front"":""jaloux / jalouse"",""example"":""Il est jaloux de son frère. Elle est jalouse de sa sœur."",""source_page"":""16"",""original_front"":""jalouse"",""source_collection"":""Édito B1""}",jaloux / jalouse,vocab.md,2026-08-24T15:44:28.900355+00:00,2026-08-31T14:21:10.162922+00:00,[]
2632b8c3baf947cb84b666f15805ce31,108648163,058ce6c9637f47f6933a1f332e6de7e0,French::Édito B1::Livre,vocab,l'âme sœur,Personne avec qui l'on se sent en parfaite affinité ; le partenaire idéal.,,نیمه گمشده,16,,"{""back"":""Personne avec qui l'on se sent en parfaite affinité ; le partenaire idéal."",""front"":""l'âme sœur"",""note_fa"":""نیمه گمشده"",""source_page"":""16"",""source_collection"":""Édito B1""}",l'ame sœur,vocab.md,2026-08-24T15:44:28.803486+00:00,2026-08-31T13:53:26.076069+00:00,[]
73fcf94f814e436997510f243e009e6d,108648163,058ce6c9637f47f6933a1f332e6de7e0,French::Édito B1::Livre,vocab,la fratrie,Ensemble des frères et sœurs d'une même famille.,,,16,,"{""back"":""Ensemble des frères et sœurs d'une même famille."",""front"":""la fratrie"",""source_page"":""16"",""source_collection"":""Édito B1""}",la fratrie,vocab.md,2026-08-24T15:44:28.782339+00:00,2026-08-31T13:53:26.113446+00:00,[]
9899c636227543c898b304d4000bebad,108648163,058ce6c9637f47f6933a1f332e6de7e0,French::Édito B1::Livre,vocab,la maison de retraite,Établissement qui héberge des personnes âgées.,,,16,,"{""back"":""Établissement qui héberge des personnes âgées."",""front"":""la maison de retraite"",""source_page"":""16"",""source_collection"":""Édito B1""}",la maison de retraite,vocab.md,2026-08-24T15:44:28.752811+00:00,2026-08-31T13:53:26.159581+00:00,[]
16d1624bab4f4d59bf875b9b5437eed6,108648163,058ce6c9637f47f6933a1f332e6de7e0,French::Édito B1::Livre,vocab,la rédaction,Action d'écrire un texte ; manière dont il est écrit.,,,26,,"{""back"":""Action d'écrire un texte ; manière dont il est écrit."",""front"":""la rédaction"",""source_page"":""26"",""source_collection"":""Édito B1""}",la redaction,vocab.md,2026-08-24T15:44:29.417002+00:00,2026-08-31T13:53:26.177695+00:00,[]
481763078a904742897800878e88ba7e,108648163,058ce6c9637f47f6933a1f332e6de7e0,French::Édito B1::Livre,vocab,la règle selon laquelle,Locution relative servant à énoncer une règle (*selon laquelle* = d'après laquelle).,,,26,,"{""back"":""Locution relative servant à énoncer une règle (*selon laquelle* = d'après laquelle)."",""front"":""la règle selon laquelle"",""source_page"":""26"",""source_collection"":""Édito B1""}",la regle selon laquelle,vocab.md,2026-08-24T15:44:29.400657+00:00,2026-08-31T13:53:26.206288+00:00,[]
060fc3b3355841549331999a66365602,108648163,058ce6c9637f47f6933a1f332e6de7e0,French::Édito B1::Livre,vocab,le dénouement,La façon dont une intrigue se termine ; la fin de l'histoire.,Ne « spoilez » pas le dénouement.,,26,,"{""back"":""La façon dont une intrigue se termine ; la fin de l'histoire."",""front"":""le dénouement"",""example"":""Ne « spoilez » pas le dénouement."",""source_page"":""26"",""source_context"":""Ne « spoilez » pas le dénouement."",""source_collection"":""Édito B1""}",le denouement,vocab.md,2026-08-24T15:44:29.331279+00:00,2026-08-31T13:53:26.2216+00:00,[]
bb7a29f55e3c4470ad7c941862c63d72,108648163,058ce6c9637f47f6933a1f332e6de7e0,French::Édito B1::Livre,vocab,le savoir-vivre,Connaissance et pratique des usages de la politesse en société.,,,26,,"{""back"":""Connaissance et pratique des usages de la politesse en société."",""front"":""le savoir-vivre"",""source_page"":""26"",""source_collection"":""Édito B1""}",le savoir-vivre,vocab.md,2026-08-24T15:44:29.075305+00:00,2026-08-31T13:53:26.23201+00:00,[]
67414816efd3417f813b2403c9705685,108648163,058ce6c9637f47f6933a1f332e6de7e0,French::Édito B1::Livre,vocab,les bonnes manières,Ensemble des comportements considérés comme polis en société.,,,26,,"{""back"":""Ensemble des comportements considérés comme polis en société."",""front"":""les bonnes manières"",""source_page"":""26"",""source_collection"":""Édito B1""}",les bonnes manieres,vocab.md,2026-08-24T15:44:29.018043+00:00,2026-08-31T13:53:26.262541+00:00,[]
2339405f0a1f4b3abee8a5f2334b3200,108648163,058ce6c9637f47f6933a1f332e6de7e0,French::Édito B1::Livre,vocab,les bonnes manières numériques,Règles de politesse à respecter dans les échanges en ligne. *La « nétiquette ».*,,,26,,"{""back"":""Règles de politesse à respecter dans les échanges en ligne. *La « nétiquette ».*"",""front"":""les bonnes manières numériques"",""source_page"":""26"",""source_collection"":""Édito B1""}",les bonnes manieres numeriques,vocab.md,2026-08-24T15:44:28.978092+00:00,2026-08-31T13:53:26.288798+00:00,[]
968cad5bbf7a43e6848a4e7b70dda364,108648163,058ce6c9637f47f6933a1f332e6de7e0,French::Édito B1::Livre,vocab,les émoticônes,Équivalent français de « smiley » : symbole exprimant une émotion dans un message.,,,27,,"{""back"":""Équivalent français de « smiley » : symbole exprimant une émotion dans un message."",""front"":""les émoticônes"",""source_page"":""27"",""source_collection"":""Édito B1""}",les emoticones,vocab.md,2026-08-24T15:44:29.460471+00:00,2026-08-31T13:53:26.310078+00:00,[]
b956d5bee041434e8af4c2709f95b34b,108648163,058ce6c9637f47f6933a1f332e6de7e0,French::Édito B1::Livre,vocab,les fringues,Vêtements. *Registre familier.*,,,12,,"{""back"":""Vêtements. *Registre familier.*"",""front"":""les fringues"",""source_page"":""12"",""source_collection"":""Édito B1""}",les fringues,vocab.md,2026-08-24T15:44:28.463708+00:00,2026-08-31T13:53:26.33184+00:00,[]
11b1fd7eb12f44268cd31b63fc43bf75,108648163,058ce6c9637f47f6933a1f332e6de7e0,French::Édito B1::Livre,vocab,les smileys,"Petites figures représentant une expression du visage, utilisées dans les messages. *Anglicisme.*",,,27,,"{""back"":""Petites figures représentant une expression du visage, utilisées dans les messages. *Anglicisme.*"",""front"":""les smileys"",""source_page"":""27"",""source_collection"":""Édito B1""}",les smileys,vocab.md,2026-08-24T15:44:29.444465+00:00,2026-08-31T13:53:26.345063+00:00,[]
5fce5813a07942c9bb8985b779ca06cd,108648163,058ce6c9637f47f6933a1f332e6de7e0,French::Édito B1::Livre,vocab,ne pas + infinitif,"Négation : devant un infinitif, les deux éléments restent groupés (*ne pas taguer*).",,,26,,"{""back"":""Négation : devant un infinitif, les deux éléments restent groupés (*ne pas taguer*)."",""front"":""ne pas + infinitif"",""source_page"":""26"",""source_collection"":""Édito B1""}",ne pas + infinitif,vocab.md,2026-08-24T15:44:29.092179+00:00,2026-08-31T13:53:26.376033+00:00,[]
674ef6b2e66f45e3a293d71020853a0c,108648163,058ce6c9637f47f6933a1f332e6de7e0,French::Édito B1::Livre,vocab,plaire à quelqu’un,Être agréable ou susciter l’appréciation de quelqu’un.,Ce livre plaît beaucoup aux étudiants.,,15,,"{""back"":""Être agréable ou susciter l’appréciation de quelqu’un."",""front"":""plaire à quelqu’un"",""example"":""Ce livre plaît beaucoup aux étudiants."",""source_page"":""15"",""original_front"":""Ça me plaît."",""source_collection"":""Édito B1""}",plaire a quelqu’un,vocab.md,2026-08-24T15:44:28.638312+00:00,2026-08-31T14:21:10.045321+00:00,[]
9009ad3267654d0294b3abb26c9fc710,108648163,058ce6c9637f47f6933a1f332e6de7e0,French::Édito B1::Livre,vocab,production orale,Activité ou épreuve où l'apprenant s'exprime à l'oral.,,,26,,"{""back"":""Activité ou épreuve où l'apprenant s'exprime à l'oral."",""front"":""production orale"",""source_page"":""26"",""source_collection"":""Édito B1""}",production orale,vocab.md,2026-08-24T15:44:29.000879+00:00,2026-08-31T13:53:26.431882+00:00,[]
c600e53e65c347baa0bd4e5171346e69,108648163,058ce6c9637f47f6933a1f332e6de7e0,French::Édito B1::Livre,vocab,rapport de voyage,"Comptes rendus, récits de voyage.",,,26,,"{""back"":""Comptes rendus, récits de voyage."",""front"":""rapport de voyage"",""source_page"":""26"",""original_front"":""des rapports de voyage"",""source_collection"":""Édito B1""}",rapport de voyage,vocab.md,2026-08-24T15:44:29.213931+00:00,2026-08-31T13:53:26.491068+00:00,[]
a6bf6fa2f4a744a8bc5b8ce47ee97028,108648163,058ce6c9637f47f6933a1f332e6de7e0,French::Édito B1::Livre,vocab,règle de conduite,Principes qui déterminent la façon de se comporter.,,,26,,"{""back"":""Principes qui déterminent la façon de se comporter."",""front"":""règle de conduite"",""source_page"":""26"",""original_front"":""des règles de conduite"",""source_collection"":""Édito B1""}",regle de conduite,vocab.md,2026-08-24T15:44:29.034899+00:00,2026-08-31T13:53:26.525593+00:00,[]
3f85f5825129429aae1155ebc35ab10d,108648163,058ce6c9637f47f6933a1f332e6de7e0,French::Édito B1::Livre,vocab,regrouper,Rassembler en un seul ensemble ce qui était dispersé.,,,26,,"{""back"":""Rassembler en un seul ensemble ce qui était dispersé."",""front"":""regrouper"",""source_page"":""26"",""source_collection"":""Édito B1""}",regrouper,vocab.md,2026-08-24T15:44:29.244408+00:00,2026-08-31T13:53:26.558531+00:00,[]
743aec77d67a495e8d0738126e31a0ee,108648163,058ce6c9637f47f6933a1f332e6de7e0,French::Édito B1::Livre,vocab,remonter le moral à quelqu’un,Redonner courage et optimisme à quelqu’un.,Ses amis essaient de lui remonter le moral.,روحیه دادن,16,,"{""back"":""Redonner courage et optimisme à quelqu’un."",""front"":""remonter le moral à quelqu’un"",""example"":""Ses amis essaient de lui remonter le moral."",""note_fa"":""روحیه دادن"",""source_page"":""16"",""original_front"":""remonter le moral (à qqn)"",""source_collection"":""Édito B1""}",remonter le moral a quelqu’un,vocab.md,2026-08-24T15:44:28.920393+00:00,2026-08-31T14:21:10.587376+00:00,[]
615a27431bbd498f9b46387baac46cba,108648163,058ce6c9637f47f6933a1f332e6de7e0,French::Édito B1::Livre,vocab,sans autorisation,Sans avoir obtenu la permission ou l’accord nécessaire.,Il a utilisé la photo sans autorisation.,,26,,"{""back"":""Sans avoir obtenu la permission ou l’accord nécessaire."",""front"":""sans autorisation"",""example"":""Il a utilisé la photo sans autorisation."",""source_page"":""26"",""original_front"":""sans son autorisation"",""source_collection"":""Édito B1""}",sans autorisation,vocab.md,2026-08-24T15:44:29.130232+00:00,2026-08-31T14:21:10.287408+00:00,[]
19271332f81947fdbabf934e503fae40,108648163,058ce6c9637f47f6933a1f332e6de7e0,French::Édito B1::Livre,vocab,se remettre de,Retrouver son équilibre ou sa santé après une difficulté.,Elle se remet lentement de cette épreuve.,سرحال شدن,16,,"{""back"":""Retrouver son équilibre ou sa santé après une difficulté."",""front"":""se remettre de"",""example"":""Elle se remet lentement de cette épreuve."",""note_fa"":""سرحال شدن"",""source_page"":""16"",""original_front"":""se remettre (de)"",""source_collection"":""Édito B1""}",se remettre de,vocab.md,2026-08-24T15:44:28.941723+00:00,2026-08-31T14:21:10.634646+00:00,[]
0b36095f8905445fa4fdd254c3c5099b,108648163,058ce6c9637f47f6933a1f332e6de7e0,French::Édito B1::Livre,vocab,se tromper,Commettre une erreur ou avoir une opinion incorrecte.,Je me suis trompé de chemin.,,27,,"{""back"":""Commettre une erreur ou avoir une opinion incorrecte."",""front"":""se tromper"",""example"":""Je me suis trompé de chemin."",""source_page"":""27"",""original_front"":""Tu te trompes."",""source_collection"":""Édito B1""}",se tromper,vocab.md,2026-08-24T15:44:29.489412+00:00,2026-08-31T14:21:10.402701+00:00,[]
e8023a2fd16542d09fbd54edcb480794,108648163,058ce6c9637f47f6933a1f332e6de7e0,French::Édito B1::Livre,vocab,s’amouracher de,Tomber amoureux de quelqu’un de façon soudaine et souvent passagère.,Il s’est amouraché d’une collègue de travail.,tomber amoureux de qq'un,16,,"{""back"":""Tomber amoureux de quelqu’un de façon soudaine et souvent passagère."",""front"":""s’amouracher de"",""example"":""Il s’est amouraché d’une collègue de travail."",""note_fa"":""tomber amoureux de qq'un"",""source_page"":""16"",""original_front"":""s'amouracher (de)"",""source_collection"":""Édito B1""}",s’amouracher de,vocab.md,2026-08-24T15:44:28.832088+00:00,2026-08-31T14:21:10.273356+00:00,[]
31abc0a95e0046a882730791a2872905,108648163,058ce6c9637f47f6933a1f332e6de7e0,French::Édito B1::Livre,vocab,taguer,"Identifier, marquer qqn sur une photo ou une publication en ligne.",,,26,,"{""back"":""Identifier, marquer qqn sur une photo ou une publication en ligne."",""front"":""taguer"",""source_page"":""26"",""source_collection"":""Édito B1""}",taguer,vocab.md,2026-08-24T15:44:29.113098+00:00,2026-08-31T13:53:26.665028+00:00,[]
5200cb4c743548c8beda63029c5f0025,108648163,058ce6c9637f47f6933a1f332e6de7e0,French::Édito B1::Livre,vocab,trahir,Manquer à la fidélité ou à la parole donnée envers qqn.,,خیانت کردن,16,,"{""back"":""Manquer à la fidélité ou à la parole donnée envers qqn."",""front"":""trahir"",""note_fa"":""خیانت کردن"",""source_page"":""16"",""source_collection"":""Édito B1""}",trahir,vocab.md,2026-08-24T15:44:28.951858+00:00,2026-08-31T13:53:26.675235+00:00,[]
a079852decbd40989263f8940ea451ba,108648163,058ce6c9637f47f6933a1f332e6de7e0,French::Édito B1::Livre,vocab,très,"Adverbe d'intensité, qui modifie un adjectif ou un adverbe.",,,15,,"{""back"":""Adverbe d'intensité, qui modifie un adjectif ou un adverbe."",""front"":""très"",""source_page"":""15"",""source_collection"":""Édito B1""}",tres,vocab.md,2026-08-24T16:06:20.932613+00:00,2026-08-31T13:53:26.685127+00:00,[]
db65821316d24cc9afbeebcc1d517132,108648163,058ce6c9637f47f6933a1f332e6de7e0,French::Édito B1::Livre,vocab,un échec,Le fait de ne pas réussir ; un résultat décevant.,Cet échec lui a permis de comprendre ses erreurs.,همینطور شطرنج,16,,"{""back"":""Le fait de ne pas réussir ; un résultat décevant."",""front"":""un échec"",""example"":""Cet échec lui a permis de comprendre ses erreurs."",""note_fa"":""همینطور شطرنج"",""source_page"":""16"",""source_context"":""Après cet échec, il a tout recommencé. — Il joue aux échecs."",""source_collection"":""Édito B1""}",un echec,vocab.md,2026-08-24T15:44:28.872824+00:00,2026-08-31T14:21:10.662066+00:00,[]
30d5aee4e6004ef5995ab0dbb26fd552,108648163,058ce6c9637f47f6933a1f332e6de7e0,French::Édito B1::Livre,vocab,un père au foyer,Un père qui reste principalement à la maison pour s’occuper des enfants et du ménage.,"Après la naissance de leur fille, il est devenu père au foyer.",پدر خانه دار,17,,"{""back"":""Un père qui reste principalement à la maison pour s’occuper des enfants et du ménage."",""front"":""un père au foyer"",""example"":""Après la naissance de leur fille, il est devenu père au foyer."",""note_fa"":""پدر خانه دار"",""source_page"":""17"",""original_front"":""père au foyer"",""source_collection"":""Édito B1""}",un pere au foyer,vocab.md,2026-08-24T15:44:28.963274+00:00,2026-08-31T14:21:10.255144+00:00,[]
496bc3c1defe4079b5b1c3fc358bd02f,108648163,058ce6c9637f47f6933a1f332e6de7e0,French::Édito B1::Livre,vocab,une avalanche de,"Une très grande quantité de choses qui arrive en peu de temps, au sens figuré.","Après le concert, elle a reçu une avalanche de messages.",,26,,"{""back"":""Une très grande quantité de choses qui arrive en peu de temps, au sens figuré."",""front"":""une avalanche de"",""example"":""Après le concert, elle a reçu une avalanche de messages."",""source_page"":""26"",""original_front"":""une avalanche de photos"",""source_collection"":""Édito B1""}",une avalanche de,vocab.md,2026-08-24T15:44:29.192895+00:00,2026-08-31T14:21:10.607073+00:00,[]
5f44e41d3cb24c7eb35c6d6c13dec646,108648163,5e1580da351246dab91d0a4c915a5bda,French::Édito B1::Unité 2,vocab,"bref, brève","*Adj.* Court, de courte durée. *Adv.* « Bref » seul = en résumé, pour conclure.",,,,,"{""back"":""*Adj.* Court, de courte durée. *Adv.* « Bref » seul = en résumé, pour conclure."",""front"":""bref, brève"",""source_collection"":""Édito B1""}","bref, breve",vocab.md,2026-08-24T15:44:29.656038+00:00,2026-08-31T13:53:26.755112+00:00,[]
fa835afdabf049c6b453ecabd1eade1c,108648163,5e1580da351246dab91d0a4c915a5bda,French::Édito B1::Unité 2,vocab,briser le silence,Rompre le silence ; se mettre à parler alors que personne ne parlait.,,,,,"{""back"":""Rompre le silence ; se mettre à parler alors que personne ne parlait."",""front"":""briser le silence"",""source_collection"":""Édito B1""}",briser le silence,vocab.md,2026-08-24T15:44:29.596903+00:00,2026-08-31T13:53:26.767752+00:00,[]
8ff3e8bffee24bda8f0184d2abfdf13c,108648163,5e1580da351246dab91d0a4c915a5bda,French::Édito B1::Unité 2,vocab,embêter,"Contrarier, importuner qqn. *Familier mais tout à fait acceptable.*",,,,,"{""back"":""Contrarier, importuner qqn. *Familier mais tout à fait acceptable.*"",""front"":""embêter"",""source_collection"":""Édito B1""}",embeter,vocab.md,2026-08-24T15:44:29.536798+00:00,2026-08-31T13:53:26.81874+00:00,[]
667e93021e4a4f8d8090717ba438a5da,108648163,5e1580da351246dab91d0a4c915a5bda,French::Édito B1::Unité 2,vocab,énerver quelqu’un,Agacer ou irriter quelqu’un.,Le bruit des travaux m’énerve.,,,,"{""back"":""Agacer ou irriter quelqu’un."",""front"":""énerver quelqu’un"",""example"":""Le bruit des travaux m’énerve."",""original_front"":""ça m'énerve"",""source_collection"":""Édito B1""}",enerver quelqu’un,vocab.md,2026-08-24T15:44:29.54892+00:00,2026-08-31T14:21:10.462838+00:00,[]
98a0a2027b3c49059574527235f283ec,108648163,5e1580da351246dab91d0a4c915a5bda,French::Édito B1::Unité 2,vocab,faire chier quelqu’un,Ennuyer ou agacer fortement quelqu’un. Expression vulgaire et familière.,Arrête de me faire chier !,,,,"{""back"":""Ennuyer ou agacer fortement quelqu’un. Expression vulgaire et familière."",""front"":""faire chier quelqu’un"",""example"":""Arrête de me faire chier !"",""original_front"":""cela me fait chier"",""source_collection"":""Édito B1""}",faire chier quelqu’un,vocab.md,2026-08-24T15:44:29.563964+00:00,2026-08-31T14:21:10.56978+00:00,[]
8cea9035819342a69cc7ab71ac623391,108648163,5e1580da351246dab91d0a4c915a5bda,French::Édito B1::Unité 2,vocab,indispensable,Dont on ne peut pas se passer ; absolument nécessaire.,,,,,"{""back"":""Dont on ne peut pas se passer ; absolument nécessaire."",""front"":""indispensable"",""source_collection"":""Édito B1""}",indispensable,vocab.md,2026-08-24T15:44:29.693675+00:00,2026-08-31T13:53:26.850705+00:00,[]
0cf6f8574fe4479c908940e703c95b20,108648163,5e1580da351246dab91d0a4c915a5bda,French::Édito B1::Unité 2,vocab,la façon dont,La manière dont quelque chose se fait.,J’aime la façon dont elle explique les choses.,,,,"{""back"":""La manière dont quelque chose se fait."",""front"":""la façon dont"",""example"":""J’aime la façon dont elle explique les choses."",""original_front"":""la façon"",""source_collection"":""Édito B1""}",la facon dont,vocab.md,2026-08-24T15:44:29.705767+00:00,2026-08-31T14:21:10.516156+00:00,[]
16c390d55b43470ca0e3c12c8c54e68e,108648163,5e1580da351246dab91d0a4c915a5bda,French::Édito B1::Unité 2,vocab,la faune,Ensemble des espèces animales d'une région.,,,,,"{""back"":""Ensemble des espèces animales d'une région."",""front"":""la faune"",""source_collection"":""Édito B1""}",la faune,vocab.md,2026-08-24T15:44:29.734822+00:00,2026-08-31T13:53:26.885141+00:00,[]
e149f09c50f243bf92ea5281dcb4c573,108648163,5e1580da351246dab91d0a4c915a5bda,French::Édito B1::Unité 2,vocab,la flore,Ensemble des espèces végétales d'une région.,,,,,"{""back"":""Ensemble des espèces végétales d'une région."",""front"":""la flore"",""source_collection"":""Édito B1""}",la flore,vocab.md,2026-08-24T15:44:29.717108+00:00,2026-08-31T13:53:26.910442+00:00,[]
469a7bd758164acbaffdd506364bf480,108648163,5e1580da351246dab91d0a4c915a5bda,French::Édito B1::Unité 2,vocab,la règle,Principe qui régit une conduite ou un fonctionnement ; norme.,,,,,"{""back"":""Principe qui régit une conduite ou un fonctionnement ; norme."",""front"":""la règle"",""source_collection"":""Édito B1""}",la regle,vocab.md,2026-08-24T15:44:29.675288+00:00,2026-08-31T13:53:26.948192+00:00,[]
59ceb7051307401da17e280c5e996d9f,108648163,5e1580da351246dab91d0a4c915a5bda,French::Édito B1::Unité 2,vocab,relou,"*Familier* — verlan de « lourd ». Pénible, ennuyeux, agaçant. *Se dit d'une personne ou d'une situation.*",,,,,"{""back"":""*Familier* — verlan de « lourd ». Pénible, ennuyeux, agaçant. *Se dit d'une personne ou d'une situation.*"",""front"":""relou"",""source_collection"":""Édito B1""}",relou,vocab.md,2026-08-24T15:44:29.521707+00:00,2026-08-31T13:53:26.986798+00:00,[]
895051bb57cd459996deabb7cd2854a9,108648163,5e1580da351246dab91d0a4c915a5bda,French::Édito B1::Unité 2,vocab,reprocher quelque chose à quelqu’un,Exprimer à quelqu’un son mécontentement à propos de quelque chose.,Je ne lui reproche pas son erreur.,,,,"{""back"":""Exprimer à quelqu’un son mécontentement à propos de quelque chose."",""front"":""reprocher quelque chose à quelqu’un"",""example"":""Je ne lui reproche pas son erreur."",""original_front"":""reprocher (qqch à qqn)"",""source_collection"":""Édito B1""}",reprocher quelque chose a quelqu’un,vocab.md,2026-08-24T15:44:29.636877+00:00,2026-08-31T14:21:10.556244+00:00,[]
28560b45bdc5432791103e8bbaa6d4eb,108648163,5e1580da351246dab91d0a4c915a5bda,French::Édito B1::Unité 2,vocab,s’approcher de,Venir plus près de quelqu’un ou de quelque chose.,Le chien s’est approché de la porte.,,,,"{""back"":""Venir plus près de quelqu’un ou de quelque chose."",""front"":""s’approcher de"",""example"":""Le chien s’est approché de la porte."",""original_front"":""s'approcher (de)"",""source_collection"":""Édito B1""}",s’approcher de,vocab.md,2026-08-24T15:44:29.620132+00:00,2026-08-31T14:21:10.473638+00:00,[]
b4d8e4bf5acb4876bbdc9960c1e40993,108648163,5e1580da351246dab91d0a4c915a5bda,French::Édito B1::Unité 2,vocab,une bonne idée,"Proposition judicieuse, pertinente. *Au pluriel : « de bonnes idées » — voir la règle des → de.*",,,,,"{""back"":""Proposition judicieuse, pertinente. *Au pluriel : « de bonnes idées » — voir la règle des → de.*"",""front"":""une bonne idée"",""source_collection"":""Édito B1""}",une bonne idee,vocab.md,2026-08-24T15:44:29.581508+00:00,2026-08-31T13:53:27.067218+00:00,[]
8a6d155ee61e445dbe541ddc6cef46a6,108648163,5e1580da351246dab91d0a4c915a5bda,French::Édito B1::Unité 2,vocab,une espèce,Ensemble d'êtres vivants qui peuvent se reproduire entre eux ; catégorie.,,,,,"{""back"":""Ensemble d'êtres vivants qui peuvent se reproduire entre eux ; catégorie."",""front"":""une espèce"",""source_collection"":""Édito B1""}",une espece,vocab.md,2026-08-24T15:44:29.764715+00:00,2026-08-31T13:53:27.085112+00:00,[]
265bd11292b84c61a795993c20c38b19,108648163,5e1580da351246dab91d0a4c915a5bda,French::Édito B1::Unité 2,vocab,vivant,"Qui vit, qui est en vie ; par extension, animé, plein de vie.",,,,,"{""back"":""Qui vit, qui est en vie ; par extension, animé, plein de vie."",""front"":""vivant"",""source_collection"":""Édito B1""}",vivant,vocab.md,2026-08-24T15:44:29.749038+00:00,2026-08-31T13:53:27.101634+00:00,[]
